order_id,order_date,customer_name,product_sku,product_name,category,unit_price,quantity,line_total,status,return_reason
ORD-100394,2024-08-30,Amir Ali,TOY-003,Remote Control Car,Toys,349,3,1047,delivered,
ORD-100316,2025-05-17,Amir Nasser,BTY-001,Vitamin C Serum,Beauty,189,1,189,delivered,
ORD-100133,2025-07-04,Nour Sabry,HOM-006,Glass Storage Jars,Home & Kitchen,129,1,129,delivered,
ORD-100165,2024-05-30,Sara Mansour,HOM-002,Stainless Steel Pan,Home & Kitchen,389,3,1167,delivered,
ORD-100731,2024-06-01,Rana Hassan,FSH-002,Denim Jacket,Fashion,549,4,2196,delivered,
ORD-100008,2025-07-06,Sara Ibrahim,SPT-002,Dumbbell Set,Sports,599,2,1198,delivered,
ORD-100641,2024-10-20,Youssef Mostafa,BOK-001,The Everyday Cookbook,Books,149,2,298,delivered,
ORD-100195,2025-04-24,Nour Adel,ELC-002,Mechanical Keyboard,Electronics,549,1,549,returned,Wrong size
ORD-100524,2025-04-17,Khaled Nasser,ELC-004,USB-C Charger,Electronics,149,1,149,delivered,
ORD-100324,2025-08-18,Mahmoud Sabry,HOM-005,Air Fryer,Home & Kitchen,899,1,899,delivered,
ORD-100708,2024-10-29,Omar Nasser,ELC-005,4K Monitor,Electronics,2499,2,4998,delivered,
ORD-100337,2024-06-07,Rana Habib,SPT-003,Water Bottle,Sports,109,5,545,returned,Changed mind
ORD-100354,2025-06-20,,FSH-001,Cotton T-Shirt,Fashion,119,4,476,delivered,
ORD-100374,2025-04-14,Hassan Zaki,ELC-001,Wireless Mouse,Electronics,199,5,995,delivered,
ORD-100677,2025-02-27,Layla Ali,GRO-003,Olive Oil,Grocery,189,4,756,returned,Wrong item
ORD-100071,2025-04-02,Mona Ali,FSH-003,Running Shoes,Fashion,699,5,3495,returned,Defective
ORD-100346,2024-08-25,Nour Zaki,FSH-004,Leather Wallet,Fashion,206,5,1030,cancelled,
ORD-100686,2024-10-10,Mona Adel,FSH-003,Running Shoes,Fashion,699,5,3495,returned,Wrong item
ORD-100328,2025-04-14,Dina Adel,HOM-005,Air Fryer,Home & Kitchen,899,4,3596,returned,Wrong size
ORD-100228,,Yara Ibrahim,ELC-006,HD Webcam,Electronics,329,3,987,delivered,
ORD-100024,2024-04-20,Sami Saleh,ELC-006,HD Webcam,Electronics,329,1,329,delivered,
ORD-100062,2024-04-17,Salma Nasser,HOM-006,Glass Storage Jars,Home & Kitchen,116.1,4,464.4,delivered,
ORD-100219,2024-10-05,Yara Saleh,HOM-006,Glass Storage Jars,Home & Kitchen,116.1,3,348.3,delivered,
ORD-100358,2025-09-03,Nour Farouk,BTY-002,Matte Lipstick,Beauty,89,2,178,cancelled,
ORD-100718,2024-05-17,Mona Ibrahim,GRO-001,Organic Honey,Grocery,89.1,3,267.3,delivered,
ORD-100079,2024-08-31,Mahmoud Hassan,ELC-005,4K Monitor,Electronics,2499,4,9996,returned,Wrong item
ORD-100177,2024-12-19,Hassan Saleh,FSH-004,Leather Wallet,Fashion,206,1,206,delivered,
ORD-100205,2024-12-28,Dina Saleh,HOM-001,Ceramic Mug Set,Home & Kitchen,159,5,795,delivered,
ORD-100083,2024-02-09,Hassan Nasser,FSH-003,Running Shoes,Fashion,699,4,2796,delivered,
ORD-100252,2024-10-21,Dina Hassan,SPT-001,Yoga Mat,Sports,169,5,845,delivered,
ORD-100398,2025-03-31,Rana Ibrahim,HOM-003,Electric Kettle,Home & Kitchen,249,1,249,delivered,
ORD-100020,2024-12-07,Ahmed Farouk,ELC-005,4K Monitor,Electronics,2499,1,2499,delivered,
ORD-100554,2024-08-19,Yara Hassan,SPT-003,Water Bottle,Sports,98.1,1,98.1,delivered,
ORD-100250,2025-03-12,Ahmed Mansour,FSH-006,Baseball Cap,Fashion,99,2,198,delivered,
ORD-100225,2024-01-23,Sami Mostafa,FSH-001,Cotton T-Shirt,Fashion,107,1,107,delivered,
ORD-100675,2024-02-20,Hassan Hassan,FSH-001,Cotton T-Shirt,Fashion,107.1,2,214.2,delivered,
ORD-100166,2025-01-15,Mona Saleh,GRO-004,Dark Chocolate,Grocery,69,4,276,delivered,
ORD-100619,2025-11-24,Yara Saleh,BOK-001,The Everyday Cookbook,Books,134.1,2,268.2,delivered,
ORD-100060,2024-08-25,Heba Hassan,FSH-003,Running Shoes,Fashion,699,5,3495,returned,Damaged
ORD-100322,2024-04-09,Salma Mansour,FSH-003,Running Shoes,Fashion,699,5,3495,delivered,
ORD-100697,2024-02-18,Salma Farouk,GRO-004,Dark Chocolate,Grocery,69,3,207,delivered,
ORD-100185,2025-11-27,Rana Farouk,HOM-006,Glass Storage Jars,Home & Kitchen,116.1,2,232.2,delivered,
ORD-100360,2025-02-16,Salma Saleh,ELC-006,HD Webcam,Electronics,296.1,3,888.3,delivered,
ORD-100156,2024-05-26,Sami Mostafa,HOM-006,Glass Storage Jars,Home & Kitchen,116.1,4,464.4,delivered,
ORD-100382,2024-12-11,Sara Ali,SPT-003,Water Bottle,Sports,109,1,109,delivered,
ORD-100388,2025-10-10,Youssef Mostafa,GRO-001,Organic Honey,Grocery,99,4,396,delivered,
ORD-100617,2024-05-17,Heba Nasser,TOY-001,Building Blocks Set,Toys,219,4,876,delivered,
ORD-100423,2025-08-12,Mahmoud Nasser,GRO-002,Green Tea,Grocery,79,1,79,delivered,
ORD-100263,2025-08-23,Tarek Zaki,ELC-005,4K Monitor,Electronics,2499,2,4998,delivered,
ORD-100060,2024-02-11,Karim Ibrahim,SPT-001,Yoga Mat,Sports,169,4,676,delivered,
ORD-100495,2024-06-14,Mahmoud Hassan,BOK-001,The Everyday Cookbook,Books,149,3,447,delivered,
ORD-100416,2025-11-28,Layla Nasser,ELC-003,Bluetooth Headphones,Electronics,799,1,799,delivered,
ORD-100206,2025-02-06,Salma Farouk,HOM-003,Electric Kettle,Home & Kitchen,249,3,747,delivered,
ORD-100411,2024-04-14,Tarek Mansour,ELC-003,Bluetooth Headphones,Electronics,799,5,3995,delivered,
ORD-100018,2024-05-12,Salma Nasser,TOY-002,Plush Teddy Bear,Toys,116,3,348,cancelled,
ORD-100034,2025-11-11,Tarek Saleh,BTY-002,Matte Lipstick,Beauty,89,2,178,delivered,
ORD-100093,2025-03-14,Sami Saleh,HOM-003,Electric Kettle,Home & Kitchen,249,3,747,delivered,
ORD-100684,2024-04-30,Sara Hassan,ELC-004,USB-C Charger,Electronics,149,4,596,delivered,
ORD-100280,2025-01-23,Karim Ibrahim,ELC-007,Power Bank 20000mAh,Electronics,279,3,837,cancelled,
ORD-100635,2024-06-09,Nour Ali,SPT-001,Yoga Mat,Sports,169,1,169,delivered,
ORD-100099,2024-07-05,Omar Sabry,BTY-001,Vitamin C Serum,Beauty,189,2,378,delivered,
ORD-100550,2024-12-27,Heba Zaki,HOM-002,Stainless Steel Pan,Home & Kitchen,389,3,1167,delivered,
ORD-100212,,Ahmed Ali,BTY-001,Vitamin C Serum,Beauty,189,1,189,returned,Wrong size
ORD-100539,2025-03-28,Rana Habib,ELC-007,Power Bank 20000mAh,Electronics,279,3,837,delivered,
ORD-100465,2024-02-26,Amir Sabry,FSH-002,Denim Jacket,Fashion,549,1,549,delivered,
ORD-100135,2024-07-21,Amir Zaki,GRO-001,Organic Honey,Grocery,99,3,297,delivered,
ORD-100503,2025-01-26,Nour Zaki,GRO-001,Organic Honey,Grocery,99,5,495,delivered,
ORD-100435,2024-05-25,Mahmoud Habib,BTY-002,Matte Lipstick,Beauty,89,4,356,delivered,
ORD-100679,2025-05-28,,HOM-006,Glass Storage Jars,Home & Kitchen,129,1,129,cancelled,
ORD-100011,,Rana Saleh,GRO-003,Olive Oil,Grocery,170.1,1,170.1,cancelled,
ORD-100300,2024-03-08,Yara Zaki,TOY-003,Remote Control Car,Toys,349,1,349,delivered,
ORD-100643,2025-03-27,Ahmed Ali,GRO-001,Organic Honey,Grocery,89.1,1,89.1,delivered,
ORD-100216,2025-12-09,Karim Ibrahim,ELC-004,USB-C Charger,Electronics,149,4,596,returned,Not as described
ORD-100031,2025-12-27,Karim Habib,ELC-006,HD Webcam,Electronics,329,1,329,delivered,
ORD-100144,2025-09-19,Hassan Saleh,SPT-001,Yoga Mat,Sports,169,4,676,returned,Defective
ORD-100373,2025-04-04,Ahmed Mansour,BOK-002,Echoes of Tomorrow,Books,119,1,119,returned,Late delivery
ORD-100119,2024-08-15,Sami Ali,HOM-006,Glass Storage Jars,Home & Kitchen,116.1,5,580.5,delivered,
ORD-100126,2025-10-29,Yara Zaki,SPT-002,Dumbbell Set,Sports,599,5,2995,delivered,
ORD-100052,2024-12-28,Omar Ibrahim,ELC-004,USB-C Charger,Electronics,134.1,1,134.1,delivered,
ORD-100143,2024-05-02,Dina Hassan,FSH-006,Baseball Cap,Fashion,99,1,99,delivered,
ORD-100687,2025-08-15,Tarek Mansour,FSH-001,Cotton T-Shirt,Fashion,119,5,595,delivered,
ORD-100451,2025-08-29,Youssef Ibrahim,FSH-006,Baseball Cap,Fashion,99,1,99,delivered,
ORD-100355,2025-01-29,Lina Sabry,GRO-001,Organic Honey,Grocery,99,1,99,delivered,
ORD-100554,2024-02-11,Amir Mansour,ELC-004,USB-C Charger,Electronics,149,4,596,cancelled,
ORD-100212,2024-06-09,Layla Ali,ELC-008,Smart Watch,Electronics,1199,1,1199,delivered,
ORD-100715,2024-01-04,Salma Ibrahim,GRO-002,Green Tea,Grocery,79,4,316,delivered,
ORD-100381,2025-09-22,Hassan Saleh,GRO-002,Green Tea,Grocery,79,4,316,delivered,
ORD-100437,2024-07-24,Omar Ali,FSH-003,Running Shoes,Fashion,699,3,2097,delivered,
ORD-100654,2024-03-15,Dina Zaki,FSH-001,Cotton T-Shirt,Fashion,107.1,1,107.1,returned,Wrong item
ORD-100693,2024-12-05,Ahmed Hassan,BOK-001,The Everyday Cookbook,Books,149,3,447,cancelled,
ORD-100273,2024-10-30,Youssef Adel,GRO-003,Olive Oil,Grocery,189,2,378,returned,Unspecified
ORD-100038,2024-07-01,Yara Habib,ELC-003,Bluetooth Headphones,Electronics,799,3,2397,delivered,
ORD-100499,2025-04-27,Mahmoud Zaki,BTY-004,Hair Dryer,Beauty,359.1,3,1077.3,delivered,
ORD-100560,2025-10-14,Tarek Farouk,FSH-003,Running Shoes,Fashion,699,5,3495,delivered,
ORD-100581,2025-11-07,Sami Zaki,ELC-002,Mechanical Keyboard,Electronics,549,1,549,cancelled,
ORD-100013,2025-08-27,Karim Ali,HOM-004,Knife Block Set,Home & Kitchen,459,5,2295,delivered,
ORD-100154,2024-10-09,Omar Adel,SPT-004,Resistance Bands,Sports,139,5,695,delivered,
ORD-100185,2025-07-31,Ahmed Zaki,TOY-001,Building Blocks Set,Toys,219,5,1095,delivered,
ORD-100233,2024-11-26,Salma Ibrahim,ELC-003,Bluetooth Headphones,Electronics,799,2,1598,delivered,
ORD-100091,2025-01-21,Amir Sabry,FSH-002,Denim Jacket,Fashion,549,1,549,delivered,
ORD-100366,2024-03-22,Sara Zaki,GRO-001,Organic Honey,Grocery,99,4,396,delivered,
ORD-100158,2024-08-01,Heba Mostafa,ELC-004,USB-C Charger,Electronics,149,4,596,delivered,
ORD-100543,2024-09-02,Mona Adel,BTY-003,Facial Cleanser,Beauty,129,1,129,delivered,
ORD-100689,2024-06-02,Layla Mansour,BTY-001,Vitamin C Serum,Beauty,189,1,189,delivered,
ORD-100096,2025-05-29,Dina Zaki,FSH-002,Denim Jacket,Fashion,549,2,1098,delivered,
ORD-100211,,Omar Adel,HOM-003,Electric Kettle,Home & Kitchen,224.1,1,224.1,delivered,
ORD-100453,2025-04-06,Khaled Zaki,SPT-001,Yoga Mat,Sports,169,4,676,delivered,
ORD-100138,2025-02-16,Amir Nasser,BOK-002,Echoes of Tomorrow,Books,107.1,3,321.3,delivered,
ORD-100611,,Amir Nasser,BTY-003,Facial Cleanser,Beauty,129,3,387,delivered,
ORD-100100,2025-04-23,Sara Saleh,ELC-005,4K Monitor,Electronics,2249.1,2,4498.2,delivered,
ORD-100623,,Omar Mostafa,TOY-001,Building Blocks Set,Toys,219,1,219,delivered,
ORD-100375,,Dina Ali,HOM-004,Knife Block Set,Home & Kitchen,459,5,2295,cancelled,
ORD-100380,2024-09-13,Dina Habib,HOM-004,Knife Block Set,Home & Kitchen,459,1,459,delivered,
ORD-100162,2025-12-03,Mona Mansour,BOK-002,Echoes of Tomorrow,Books,119,1,119,delivered,
ORD-100183,2024-05-29,Salma Ibrahim,BTY-001,Vitamin C Serum,Beauty,189,2,378,delivered,
ORD-100504,2025-04-30,Rana Zaki,BTY-004,Hair Dryer,Beauty,399,2,798,delivered,
ORD-100298,2025-12-28,Ahmed Mansour,BTY-003,Facial Cleanser,Beauty,129,3,387,delivered,
ORD-100122,2025-08-04,Rana Habib,SPT-002,Dumbbell Set,Sports,599,3,1797,delivered,
ORD-100307,2025-07-05,Layla Sabry,BOK-002,Echoes of Tomorrow,Books,119,2,238,delivered,
ORD-100134,2025-07-18,Ahmed Zaki,FSH-001,Cotton T-Shirt,Fashion,119,3,357,delivered,
ORD-100285,2024-02-23,Omar Mostafa,SPT-002,Dumbbell Set,Sports,599,1,599,delivered,
ORD-100142,2024-01-16,Karim Ibrahim,BOK-003,The Focus Method,Books,129,2,258,returned,Wrong size
ORD-100648,2024-03-15,Nour Zaki,ELC-005,4K Monitor,Electronics,2499,1,2499,delivered,
ORD-100041,,Khaled Mansour,BTY-004,Hair Dryer,Beauty,399,1,399,delivered,
ORD-100105,2024-11-29,Omar Sabry,ELC-002,Mechanical Keyboard,Electronics,549,5,2745,delivered,
ORD-100107,2025-04-10,Dina Ali,BOK-001,The Everyday Cookbook,Books,149,4,596,returned,Not as described
ORD-100420,2024-11-23,Nour Mansour,BTY-004,Hair Dryer,Beauty,399,2,798,delivered,
ORD-100564,2024-07-28,Sami Mostafa,BTY-002,Matte Lipstick,Beauty,80.1,4,320.4,delivered,
ORD-100127,,Tarek Adel,FSH-003,Running Shoes,Fashion,699,5,3495,delivered,
ORD-100268,2025-08-17,Mona Adel,ELC-007,Power Bank 20000mAh,Electronics,279,5,1395,delivered,
ORD-100002,2024-05-04,Lina Adel,HOM-004,Knife Block Set,Home & Kitchen,459,1,459,delivered,
ORD-100356,2024-10-27,Heba Ali,HOM-001,Ceramic Mug Set,Home & Kitchen,159,1,159,returned,Changed mind
ORD-100447,2024-03-26,Mona Adel,SPT-003,Water Bottle,Sports,109,2,218,delivered,
ORD-100695,2024-03-12,,FSH-002,Denim Jacket,Fashion,549,5,2745,delivered,
ORD-100385,2024-04-11,Omar Mostafa,HOM-003,Electric Kettle,Home & Kitchen,224.1,4,896.4,delivered,
ORD-100070,2024-05-11,Mona Ibrahim,GRO-002,Green Tea,Grocery,79,2,158,delivered,
ORD-100349,2024-03-13,Ahmed Ali,FSH-004,Leather Wallet,Fashion,229,3,687,delivered,
ORD-100663,2025-07-23,Tarek Saleh,SPT-004,Resistance Bands,Sports,139,5,695,delivered,
ORD-100117,2025-07-12,Sami Hassan,HOM-003,Electric Kettle,Home & Kitchen,249,4,996,delivered,
ORD-100288,2024-10-10,Sara Mostafa,TOY-002,Plush Teddy Bear,Toys,129,1,129,delivered,
ORD-100478,2025-07-11,Yara Sabry,ELC-007,Power Bank 20000mAh,Electronics,279,1,279,returned,Damaged
ORD-100514,2024-01-10,Sami Ali,ELC-001,Wireless Mouse,Electronics,199,5,995,delivered,
ORD-100146,2025-07-03,Hassan Nasser,ELC-008,Smart Watch,Electronics,1199,4,4796,delivered,
ORD-100094,,Khaled Sabry,SPT-003,Water Bottle,Sports,109,3,327,delivered,
ORD-100331,2025-06-20,Salma Saleh,ELC-003,Bluetooth Headphones,Electronics,799,2,1598,returned,Damaged
ORD-100214,2024-02-18,Khaled Mansour,HOM-002,Stainless Steel Pan,Home & Kitchen,389,4,1556,delivered,
ORD-100610,2024-07-11,Youssef Nasser,FSH-005,Wool Scarf,Fashion,179,2,358,delivered,
ORD-100436,2025-06-27,Mahmoud Mostafa,SPT-002,Dumbbell Set,Sports,599,4,2396,delivered,
ORD-100323,2024-06-30,Karim Ali,BOK-001,The Everyday Cookbook,Books,149,1,149,delivered,
ORD-100397,2025-09-24,Layla Nasser,BOK-002,Echoes of Tomorrow,Books,107,5,535,returned,Defective
ORD-100055,2024-12-02,Layla Mansour,GRO-004,Dark Chocolate,Grocery,69,3,207,delivered,
ORD-100624,2025-09-03,,SPT-002,Dumbbell Set,Sports,599,3,1797,delivered,
ORD-100025,2025-01-26,Ahmed Farouk,FSH-004,Leather Wallet,Fashion,229,1,229,delivered,
ORD-100585,2024-05-11,Mona Mansour,ELC-006,HD Webcam,Electronics,329,3,987,delivered,
ORD-100574,2024-03-05,Rana Nasser,FSH-006,Baseball Cap,Fashion,99,1,99,cancelled,
ORD-100414,2025-01-19,,BOK-002,Echoes of Tomorrow,Books,119,1,119,delivered,
ORD-100155,2024-09-12,,SPT-003,Water Bottle,Sports,109,5,545,delivered,
ORD-100227,2025-03-02,Dina Mostafa,SPT-001,Yoga Mat,Sports,169,2,338,delivered,
ORD-100397,2025-08-12,Tarek Hassan,TOY-001,Building Blocks Set,Toys,219,1,219,delivered,
ORD-100464,2025-04-25,Mahmoud Mansour,FSH-003,Running Shoes,Fashion,699,4,2796,returned,Unspecified
ORD-100398,,Tarek Ali,ELC-002,Mechanical Keyboard,Electronics,549,4,2196,delivered,
ORD-100473,2025-05-12,Khaled Mansour,TOY-001,Building Blocks Set,Toys,219,2,438,returned,Not as described
ORD-100715,2025-10-29,Yara Farouk,HOM-006,Glass Storage Jars,Home & Kitchen,129,5,645,delivered,
ORD-100251,2024-02-15,Dina Hassan,BOK-001,The Everyday Cookbook,Books,149,1,149,delivered,
ORD-100291,2024-03-21,Ahmed Mansour,BTY-003,Facial Cleanser,Beauty,129,4,516,delivered,
ORD-100673,2025-05-26,Amir Mansour,FSH-004,Leather Wallet,Fashion,229,4,916,delivered,
ORD-100603,2024-08-03,Nour Ibrahim,BTY-001,Vitamin C Serum,Beauty,189,3,567,returned,Wrong item
ORD-100587,2024-02-06,Rana Ali,FSH-001,Cotton T-Shirt,Fashion,119,1,119,delivered,
ORD-100542,2024-04-29,Khaled Mansour,HOM-005,Air Fryer,Home & Kitchen,899,1,899,delivered,
ORD-100379,2024-11-12,Rana Ibrahim,HOM-004,Knife Block Set,Home & Kitchen,459,2,918,delivered,
ORD-100732,2025-02-23,Rana Farouk,BTY-004,Hair Dryer,Beauty,399,4,1596,cancelled,
ORD-100220,2025-03-13,Sara Farouk,GRO-002,Green Tea,Grocery,79,3,237,delivered,
ORD-100443,2025-04-19,Ahmed Nasser,SPT-002,Dumbbell Set,Sports,599,4,2396,delivered,
ORD-100418,2025-04-12,Amir Ibrahim,HOM-001,Ceramic Mug Set,Home & Kitchen,159,4,636,delivered,
ORD-100163,2024-09-25,Ahmed Ibrahim,HOM-003,Electric Kettle,Home & Kitchen,249,3,747,delivered,
ORD-100261,2025-10-10,Tarek Ali,HOM-006,Glass Storage Jars,Home & Kitchen,129,1,129,delivered,
ORD-100047,2024-08-07,Mona Farouk,FSH-004,Leather Wallet,Fashion,229,4,916,delivered,
ORD-100633,2024-07-20,Sami Habib,SPT-002,Dumbbell Set,Sports,599,2,1198,delivered,
ORD-100049,2025-06-23,Khaled Mansour,GRO-002,Green Tea,Grocery,79,3,237,delivered,
ORD-100201,2024-04-19,Mona Mostafa,SPT-001,Yoga Mat,Sports,152.1,5,760.5,delivered,
ORD-100577,2025-04-17,Lina Ali,SPT-001,Yoga Mat,Sports,169,5,845,delivered,
ORD-100275,2024-08-31,,GRO-001,Organic Honey,Grocery,99,4,396,delivered,
ORD-100528,2024-04-18,Hassan Sabry,ELC-002,Mechanical Keyboard,Electronics,549,2,1098,returned,Damaged
ORD-100017,2024-01-09,Karim Habib,TOY-002,Plush Teddy Bear,Toys,129,4,516,delivered,
ORD-100101,2025-07-14,Nour Habib,BTY-003,Facial Cleanser,Beauty,129,2,258,delivered,
ORD-100448,2025-08-16,Salma Mostafa,GRO-003,Olive Oil,Grocery,189,1,189,cancelled,
ORD-100218,2024-07-04,Khaled Habib,BOK-003,The Focus Method,Books,129,2,258,delivered,
ORD-100666,2024-09-25,Sami Habib,SPT-003,Water Bottle,Sports,109,1,109,returned,Damaged
ORD-100387,2025-07-18,Omar Adel,FSH-004,Leather Wallet,Fashion,229,5,1145,delivered,
ORD-100578,2024-03-27,,GRO-003,Olive Oil,Grocery,170,5,850,delivered,
ORD-100364,2025-10-18,,HOM-004,Knife Block Set,Home & Kitchen,459,3,1377,delivered,
ORD-100173,2024-05-13,Salma Hassan,ELC-006,HD Webcam,Electronics,329,5,1645,delivered,
ORD-100305,2025-07-17,Hassan Hassan,BOK-003,The Focus Method,Books,129,3,387,delivered,
ORD-100608,2024-03-26,Sara Ali,HOM-005,Air Fryer,Home & Kitchen,899,2,1798,delivered,
ORD-100637,2024-05-03,Ahmed Zaki,ELC-004,USB-C Charger,Electronics,134,1,134,delivered,
ORD-100471,2025-09-11,Mahmoud Mostafa,HOM-002,Stainless Steel Pan,Home & Kitchen,389,5,1945,delivered,
ORD-100344,2024-07-20,Rana Ibrahim,TOY-001,Building Blocks Set,Toys,219,5,1095,returned,Wrong item
ORD-100070,2024-02-29,Khaled Zaki,SPT-004,Resistance Bands,Sports,139,1,139,delivered,
ORD-100447,2025-08-11,,FSH-006,Baseball Cap,Fashion,89.1,2,178.2,delivered,
ORD-100467,2025-08-31,Omar Nasser,BOK-002,Echoes of Tomorrow,Books,107.1,1,107.1,delivered,
ORD-100419,2025-01-25,Karim Nasser,HOM-003,Electric Kettle,Home & Kitchen,249,5,1245,delivered,
ORD-100341,2024-08-12,Salma Saleh,ELC-008,Smart Watch,Electronics,1199,4,4796,returned,Damaged
ORD-100407,,Youssef Adel,ELC-002,Mechanical Keyboard,Electronics,549,5,2745,delivered,
ORD-100434,2024-08-12,Hassan Ibrahim,ELC-003,Bluetooth Headphones,Electronics,799,5,3995,cancelled,
ORD-100268,2024-06-27,Mahmoud Adel,FSH-005,Wool Scarf,Fashion,179,2,358,delivered,
ORD-100496,2025-07-31,Yara Zaki,ELC-008,Smart Watch,Electronics,1199,2,2398,delivered,
ORD-100476,2025-07-24,Salma Adel,ELC-002,Mechanical Keyboard,Electronics,549,4,2196,delivered,
ORD-100030,2024-08-22,Mahmoud Saleh,BTY-004,Hair Dryer,Beauty,399,4,1596,returned,Unspecified
ORD-100382,2025-08-09,Lina Sabry,BTY-002,Matte Lipstick,Beauty,89,1,89,delivered,
ORD-100726,2025-08-21,Rana Saleh,SPT-003,Water Bottle,Sports,109,3,327,delivered,
ORD-100048,2025-07-06,Layla Hassan,FSH-006,Baseball Cap,Fashion,99,1,99,delivered,
ORD-100352,2025-05-07,Nour Zaki,BOK-003,The Focus Method,Books,129,1,129,returned,Not as described
ORD-100535,2024-09-03,Nour Farouk,ELC-003,Bluetooth Headphones,Electronics,799,1,799,delivered,
ORD-100372,2024-07-21,Sara Zaki,TOY-003,Remote Control Car,Toys,349,1,349,delivered,
ORD-100255,2025-04-05,Lina Adel,HOM-001,Ceramic Mug Set,Home & Kitchen,159,5,795,delivered,
ORD-100064,2024-08-31,Dina Ibrahim,BTY-001,Vitamin C Serum,Beauty,189,5,945,returned,Changed mind
ORD-100280,2025-04-01,Dina Farouk,FSH-001,Cotton T-Shirt,Fashion,119,1,119,delivered,
ORD-100001,2024-07-18,,BTY-003,Facial Cleanser,Beauty,129,5,645,delivered,
ORD-100085,2024-08-24,Sami Saleh,GRO-004,Dark Chocolate,Grocery,69,1,69,delivered,
ORD-100180,,Amir Mostafa,BOK-003,The Focus Method,Books,129,1,129,delivered,
ORD-100299,2024-06-05,Omar Habib,TOY-003,Remote Control Car,Toys,349,3,1047,returned,Unspecified
ORD-100541,2024-01-31,Youssef Sabry,FSH-004,Leather Wallet,Fashion,206,1,206,returned,Wrong size
ORD-100336,2024-11-27,Nour Mansour,SPT-004,Resistance Bands,Sports,125,5,625,delivered,
ORD-100436,2025-04-05,Mahmoud Habib,GRO-002,Green Tea,Grocery,79,3,237,delivered,
ORD-100124,2025-11-16,Layla Nasser,BTY-004,Hair Dryer,Beauty,399,2,798,returned,Wrong item
ORD-100106,2025-09-07,Dina Hassan,SPT-003,Water Bottle,Sports,109,1,109,delivered,
ORD-100383,2025-03-04,Omar Sabry,ELC-006,HD Webcam,Electronics,329,3,987,delivered,
ORD-100529,2025-12-29,Khaled Sabry,BOK-002,Echoes of Tomorrow,Books,119,2,238,delivered,
ORD-100404,2024-07-19,Khaled Farouk,FSH-006,Baseball Cap,Fashion,89.1,2,178.2,delivered,
ORD-100442,2025-10-07,Khaled Saleh,FSH-005,Wool Scarf,Fashion,179,1,179,returned,Wrong size
ORD-100190,2024-07-01,Mahmoud Farouk,BTY-004,Hair Dryer,Beauty,399,2,798,delivered,
ORD-100497,2025-11-09,Ahmed Zaki,SPT-001,Yoga Mat,Sports,169,4,676,delivered,
ORD-100632,2025-03-16,Tarek Hassan,HOM-005,Air Fryer,Home & Kitchen,809.1,4,3236.4,delivered,
ORD-100682,2025-11-19,,SPT-001,Yoga Mat,Sports,169,2,338,returned,Defective
ORD-100108,2025-05-18,Mahmoud Ibrahim,BOK-002,Echoes of Tomorrow,Books,107,5,535,delivered,
ORD-100719,2025-12-20,Nour Nasser,FSH-002,Denim Jacket,Fashion,549,4,2196,delivered,
ORD-100556,2025-05-14,Mona Ali,TOY-003,Remote Control Car,Toys,349,1,349,delivered,
ORD-100711,2024-11-23,Hassan Mansour,FSH-003,Running Shoes,Fashion,629.1,1,629.1,delivered,
ORD-100195,2024-02-08,Salma Mansour,GRO-003,Olive Oil,Grocery,189,1,189,returned,Wrong size
ORD-100688,2025-09-25,Hassan Farouk,FSH-002,Denim Jacket,Fashion,549,1,549,delivered,
ORD-100420,2025-09-21,Khaled Mostafa,HOM-003,Electric Kettle,Home & Kitchen,224,1,224,cancelled,
ORD-100232,2025-03-23,Salma Farouk,SPT-003,Water Bottle,Sports,109,4,436,returned,Not as described
ORD-100021,2025-05-08,Sami Farouk,ELC-008,Smart Watch,Electronics,1079.1,2,2158.2,cancelled,
ORD-100187,2025-04-16,Tarek Hassan,FSH-003,Running Shoes,Fashion,699,4,2796,delivered,
ORD-100604,2024-12-14,Lina Mostafa,FSH-004,Leather Wallet,Fashion,206.1,4,824.4,delivered,
ORD-100073,2025-12-30,Amir Mostafa,ELC-007,Power Bank 20000mAh,Electronics,279,3,837,delivered,
ORD-100189,2025-02-12,Omar Saleh,TOY-002,Plush Teddy Bear,Toys,129,3,387,delivered,
ORD-100278,2025-12-05,Tarek Nasser,SPT-004,Resistance Bands,Sports,139,1,139,delivered,
ORD-100541,2024-07-06,Sami Mansour,SPT-004,Resistance Bands,Sports,139,5,695,delivered,
ORD-100337,2025-01-19,Ahmed Ali,SPT-001,Yoga Mat,Sports,152.1,1,152.1,delivered,
ORD-100506,2025-11-20,Salma Saleh,BOK-001,The Everyday Cookbook,Books,149,1,149,returned,Unspecified
ORD-100716,2025-10-02,Tarek Saleh,TOY-002,Plush Teddy Bear,Toys,129,1,129,delivered,
ORD-100628,2024-01-19,Dina Farouk,SPT-004,Resistance Bands,Sports,139,1,139,cancelled,
ORD-100205,2025-07-12,Mahmoud Zaki,BTY-003,Facial Cleanser,Beauty,129,5,645,cancelled,
ORD-100607,2024-01-23,Yara Adel,TOY-003,Remote Control Car,Toys,349,3,1047,delivered,
ORD-100469,2025-08-28,Omar Mansour,FSH-001,Cotton T-Shirt,Fashion,107.1,2,214.2,delivered,
ORD-100129,2024-07-23,Heba Habib,ELC-003,Bluetooth Headphones,Electronics,799,5,3995,returned,Not as described
ORD-100510,2024-09-05,Lina Sabry,GRO-003,Olive Oil,Grocery,189,3,567,cancelled,
ORD-100371,2025-01-01,Rana Saleh,BOK-003,The Focus Method,Books,129,4,516,delivered,
ORD-100067,2024-02-17,Youssef Mostafa,SPT-002,Dumbbell Set,Sports,599,2,1198,delivered,
ORD-100060,2025-09-12,Amir Saleh,HOM-002,Stainless Steel Pan,Home & Kitchen,389,2,778,delivered,
ORD-100170,2024-08-13,,GRO-003,Olive Oil,Grocery,189,5,945,delivered,
ORD-100410,2025-10-09,Nour Ali,FSH-001,Cotton T-Shirt,Fashion,119,3,357,returned,Damaged
ORD-100333,,Nour Nasser,BOK-003,The Focus Method,Books,129,2,258,delivered,
ORD-100286,2025-03-07,Sami Zaki,ELC-001,Wireless Mouse,Electronics,179,2,358,delivered,
ORD-100254,2024-01-18,Nour Hassan,HOM-005,Air Fryer,Home & Kitchen,809.1,2,1618.2,delivered,
ORD-100624,2024-07-04,Sara Sabry,HOM-001,Ceramic Mug Set,Home & Kitchen,143.1,3,429.3,delivered,
ORD-100251,2025-08-04,Rana Ibrahim,FSH-001,Cotton T-Shirt,Fashion,119,4,476,delivered,
ORD-100660,2025-04-08,Heba Mostafa,HOM-004,Knife Block Set,Home & Kitchen,459,2,918,returned,Damaged
ORD-100717,2025-11-12,Tarek Mansour,HOM-001,Ceramic Mug Set,Home & Kitchen,159,1,159,delivered,
ORD-100427,2025-08-15,Khaled Nasser,ELC-007,Power Bank 20000mAh,Electronics,279,1,279,delivered,
ORD-100676,2024-04-22,Heba Saleh,HOM-001,Ceramic Mug Set,Home & Kitchen,159,3,477,delivered,
ORD-100131,2024-05-04,Khaled Hassan,BOK-002,Echoes of Tomorrow,Books,119,2,238,delivered,
ORD-100616,2025-10-20,Tarek Nasser,HOM-005,Air Fryer,Home & Kitchen,899,4,3596,returned,Not as described
ORD-100680,2025-10-25,Mahmoud Habib,TOY-001,Building Blocks Set,Toys,219,5,1095,delivered,
ORD-100346,2024-06-03,Sami Ibrahim,HOM-004,Knife Block Set,Home & Kitchen,459,4,1836,delivered,
ORD-100090,,Omar Farouk,FSH-006,Baseball Cap,Fashion,99,5,495,delivered,
ORD-100613,2024-05-28,Mahmoud Mostafa,ELC-001,Wireless Mouse,Electronics,199,1,199,delivered,
ORD-100378,2024-10-10,Khaled Saleh,BOK-001,The Everyday Cookbook,Books,149,2,298,cancelled,
ORD-100484,2025-04-12,Sami Farouk,GRO-004,Dark Chocolate,Grocery,62.1,2,124.2,delivered,
ORD-100733,2024-10-26,Tarek Farouk,GRO-002,Green Tea,Grocery,79,2,158,delivered,
ORD-100007,2025-11-01,Ahmed Adel,HOM-002,Stainless Steel Pan,Home & Kitchen,389,1,389,returned,Not as described
ORD-100114,2024-10-25,Salma Ibrahim,ELC-006,HD Webcam,Electronics,329,3,987,delivered,
ORD-100410,2025-08-04,,BTY-002,Matte Lipstick,Beauty,89,1,89,delivered,
ORD-100238,2024-02-10,Karim Habib,SPT-004,Resistance Bands,Sports,125.1,2,250.2,delivered,
ORD-100245,2024-04-17,Tarek Ali,ELC-003,Bluetooth Headphones,Electronics,799,5,3995,delivered,
ORD-100361,2024-04-02,Sami Nasser,BOK-001,The Everyday Cookbook,Books,149,2,298,returned,Wrong item
ORD-100098,2025-07-27,Nour Ibrahim,SPT-004,Resistance Bands,Sports,139,3,417,delivered,
ORD-100685,2024-05-15,Nour Habib,BOK-002,Echoes of Tomorrow,Books,119,5,595,delivered,
ORD-100486,2024-11-13,Omar Saleh,HOM-003,Electric Kettle,Home & Kitchen,249,5,1245,returned,Unspecified
ORD-100159,2024-08-30,Khaled Zaki,ELC-002,Mechanical Keyboard,Electronics,549,2,1098,delivered,
ORD-100288,2024-02-13,Lina Habib,FSH-006,Baseball Cap,Fashion,99,5,495,delivered,
ORD-100103,,Layla Nasser,FSH-001,Cotton T-Shirt,Fashion,107.1,1,107.1,cancelled,
ORD-100115,2025-11-30,Ahmed Nasser,GRO-004,Dark Chocolate,Grocery,69,3,207,cancelled,
ORD-100536,2025-11-21,Yara Mansour,ELC-006,HD Webcam,Electronics,296,1,296,delivered,
ORD-100112,,Mahmoud Mostafa,BTY-004,Hair Dryer,Beauty,399,1,399,delivered,
ORD-100638,2025-05-09,Sami Saleh,GRO-003,Olive Oil,Grocery,189,5,945,delivered,
ORD-100543,2024-01-03,Rana Zaki,HOM-001,Ceramic Mug Set,Home & Kitchen,159,2,318,delivered,
ORD-100568,2025-09-03,Ahmed Mostafa,GRO-003,Olive Oil,Grocery,189,3,567,delivered,
ORD-100167,2024-09-18,Lina Mansour,HOM-004,Knife Block Set,Home & Kitchen,413.1,4,1652.4,delivered,
ORD-100556,2024-02-10,Nour Sabry,HOM-002,Stainless Steel Pan,Home & Kitchen,389,1,389,delivered,
ORD-100495,2024-03-03,Rana Sabry,FSH-002,Denim Jacket,Fashion,494.1,3,1482.3,delivered,
ORD-100540,2024-10-23,Nour Mostafa,BTY-003,Facial Cleanser,Beauty,116.1,4,464.4,delivered,
ORD-100701,2025-12-22,Youssef Nasser,HOM-004,Knife Block Set,Home & Kitchen,413.1,4,1652.4,delivered,
ORD-100261,2025-12-16,Khaled Nasser,TOY-001,Building Blocks Set,Toys,219,2,438,delivered,
ORD-100649,2024-02-10,Amir Ali,TOY-003,Remote Control Car,Toys,349,3,1047,delivered,
ORD-100391,2025-06-20,Youssef Habib,BTY-001,Vitamin C Serum,Beauty,189,1,189,returned,Not as described
ORD-100389,2024-09-24,Khaled Saleh,ELC-003,Bluetooth Headphones,Electronics,799,5,3995,delivered,
ORD-100179,,Ahmed Zaki,HOM-001,Ceramic Mug Set,Home & Kitchen,159,3,477,delivered,
ORD-100580,2025-12-25,Layla Zaki,BOK-003,The Focus Method,Books,129,2,258,returned,Wrong item
ORD-100555,2025-01-19,Heba Mansour,FSH-004,Leather Wallet,Fashion,229,1,229,returned,Unspecified
ORD-100721,2025-01-27,Lina Ibrahim,ELC-003,Bluetooth Headphones,Electronics,799,1,799,delivered,
ORD-100077,,Sara Sabry,TOY-002,Plush Teddy Bear,Toys,129,3,387,delivered,
ORD-100260,2025-07-14,Yara Sabry,GRO-004,Dark Chocolate,Grocery,69,2,138,delivered,
ORD-100089,2024-03-20,Hassan Zaki,HOM-004,Knife Block Set,Home & Kitchen,459,1,459,delivered,
ORD-100664,2024-09-03,Nour Sabry,BTY-003,Facial Cleanser,Beauty,116.1,4,464.4,cancelled,
ORD-100345,2025-05-21,Dina Mansour,FSH-004,Leather Wallet,Fashion,206.1,4,824.4,delivered,
ORD-100369,2025-08-13,Salma Mostafa,HOM-003,Electric Kettle,Home & Kitchen,249,1,249,delivered,
ORD-100403,2025-11-10,Ahmed Saleh,FSH-002,Denim Jacket,Fashion,549,2,1098,cancelled,
ORD-100215,,Hassan Nasser,TOY-003,Remote Control Car,Toys,349,2,698,delivered,
ORD-100409,2025-07-02,Rana Nasser,FSH-001,Cotton T-Shirt,Fashion,119,4,476,delivered,
ORD-100538,2024-08-11,Sara Saleh,FSH-005,Wool Scarf,Fashion,161,3,483,delivered,
ORD-100355,2024-04-13,Tarek Hassan,TOY-003,Remote Control Car,Toys,349,1,349,delivered,
ORD-100113,2024-03-23,Ahmed Mansour,SPT-003,Water Bottle,Sports,109,1,109,delivered,
ORD-100694,2024-05-14,Mahmoud Farouk,BTY-003,Facial Cleanser,Beauty,129,2,258,delivered,
ORD-100076,2024-12-02,Mona Ibrahim,GRO-003,Olive Oil,Grocery,189,3,567,delivered,
ORD-100338,2025-06-06,Mahmoud Saleh,GRO-004,Dark Chocolate,Grocery,69,5,345,delivered,
ORD-100450,2024-11-15,,FSH-004,Leather Wallet,Fashion,229,5,1145,delivered,
ORD-100441,2025-02-27,Tarek Zaki,HOM-004,Knife Block Set,Home & Kitchen,459,1,459,returned,Late delivery
ORD-100651,2024-09-18,Youssef Zaki,FSH-005,Wool Scarf,Fashion,179,3,537,delivered,
ORD-100084,2024-12-08,Nour Adel,GRO-001,Organic Honey,Grocery,99,1,99,delivered,
ORD-100730,2024-04-26,Nour Ibrahim,BTY-004,Hair Dryer,Beauty,399,1,399,delivered,
ORD-100343,2024-10-11,Tarek Saleh,BTY-003,Facial Cleanser,Beauty,116,2,232,delivered,
ORD-100618,2025-06-20,,FSH-005,Wool Scarf,Fashion,161.1,2,322.2,delivered,
ORD-100115,2024-01-29,Karim Hassan,TOY-003,Remote Control Car,Toys,349,1,349,returned,Damaged
ORD-100515,2024-11-10,Mona Farouk,GRO-004,Dark Chocolate,Grocery,69,5,345,delivered,
ORD-100694,2024-07-10,Salma Habib,HOM-005,Air Fryer,Home & Kitchen,899,1,899,delivered,
ORD-100456,2024-11-13,Amir Habib,FSH-005,Wool Scarf,Fashion,179,2,358,delivered,
ORD-100186,,Mona Farouk,ELC-006,HD Webcam,Electronics,329,3,987,delivered,
ORD-100027,2025-08-22,Youssef Habib,GRO-003,Olive Oil,Grocery,189,2,378,delivered,
ORD-100270,2025-10-11,Sara Saleh,FSH-002,Denim Jacket,Fashion,549,1,549,returned,Not as described
ORD-100302,2024-10-01,Sara Hassan,ELC-005,4K Monitor,Electronics,2499,3,7497,delivered,
ORD-100452,2025-03-25,Hassan Hassan,ELC-002,Mechanical Keyboard,Electronics,549,1,549,delivered,
ORD-100208,2024-12-14,Tarek Mansour,FSH-001,Cotton T-Shirt,Fashion,107,3,321,returned,Wrong size
ORD-100544,2025-01-28,Khaled Nasser,TOY-001,Building Blocks Set,Toys,219,5,1095,delivered,
ORD-100451,2025-01-20,Mahmoud Adel,BTY-001,Vitamin C Serum,Beauty,189,4,756,returned,Wrong item
ORD-100615,2024-02-08,Karim Saleh,BTY-001,Vitamin C Serum,Beauty,189,4,756,delivered,
ORD-100320,2025-06-11,Tarek Mostafa,ELC-001,Wireless Mouse,Electronics,199,1,199,delivered,
ORD-100116,2025-12-26,Hassan Hassan,SPT-003,Water Bottle,Sports,109,2,218,delivered,
ORD-100522,2024-11-06,Ahmed Ali,FSH-005,Wool Scarf,Fashion,179,5,895,delivered,
ORD-100054,2025-04-01,Mahmoud Ali,FSH-003,Running Shoes,Fashion,699,4,2796,delivered,
ORD-100527,2025-11-06,Karim Adel,SPT-004,Resistance Bands,Sports,139,1,139,delivered,
ORD-100303,2025-09-10,Heba Mansour,FSH-001,Cotton T-Shirt,Fashion,119,3,357,returned,Wrong size
ORD-100040,2024-08-20,Nour Adel,ELC-003,Bluetooth Headphones,Electronics,799,5,3995,cancelled,
ORD-100583,2025-05-13,Salma Zaki,FSH-001,Cotton T-Shirt,Fashion,119,4,476,delivered,
ORD-100472,2024-03-19,,FSH-003,Running Shoes,Fashion,699,5,3495,delivered,
ORD-100132,2025-10-07,Yara Mansour,BTY-002,Matte Lipstick,Beauty,89,4,356,delivered,
ORD-100609,2024-02-18,Ahmed Saleh,BTY-001,Vitamin C Serum,Beauty,189,1,189,delivered,
ORD-100151,2024-11-08,Hassan Farouk,FSH-006,Baseball Cap,Fashion,99,3,297,delivered,
ORD-100642,2024-08-13,Khaled Mostafa,ELC-001,Wireless Mouse,Electronics,199,5,995,returned,Unspecified
ORD-100109,2025-06-05,Salma Saleh,SPT-001,Yoga Mat,Sports,169,3,507,delivered,
ORD-100069,2024-06-18,Sara Adel,ELC-003,Bluetooth Headphones,Electronics,799,1,799,delivered,
ORD-100609,2024-09-15,Hassan Ali,HOM-002,Stainless Steel Pan,Home & Kitchen,389,3,1167,delivered,
ORD-100334,2025-09-11,Hassan Hassan,FSH-004,Leather Wallet,Fashion,206.1,1,206.1,returned,Late delivery
ORD-100706,2024-03-23,Mahmoud Zaki,FSH-005,Wool Scarf,Fashion,179,4,716,delivered,
ORD-100482,2025-11-30,Heba Ibrahim,TOY-002,Plush Teddy Bear,Toys,129,4,516,cancelled,
ORD-100247,2025-04-25,Khaled Ibrahim,ELC-004,USB-C Charger,Electronics,149,5,745,delivered,
ORD-100617,2025-04-06,Khaled Farouk,ELC-003,Bluetooth Headphones,Electronics,799,5,3995,returned,Late delivery
ORD-100359,2025-05-07,Rana Farouk,ELC-002,Mechanical Keyboard,Electronics,549,3,1647,delivered,
ORD-100266,2025-01-04,Dina Ali,GRO-002,Green Tea,Grocery,79,1,79,delivered,
ORD-100059,2025-04-26,Tarek Sabry,FSH-001,Cotton T-Shirt,Fashion,107.1,4,428.4,delivered,
ORD-100258,2024-01-24,Hassan Hassan,TOY-003,Remote Control Car,Toys,349,1,349,delivered,
ORD-100237,2024-12-06,Heba Zaki,FSH-002,Denim Jacket,Fashion,494,3,1482,delivered,
ORD-100513,2024-08-19,Khaled Saleh,GRO-003,Olive Oil,Grocery,170,1,170,delivered,
ORD-100363,2025-05-20,Ahmed Hassan,HOM-006,Glass Storage Jars,Home & Kitchen,129,5,645,delivered,
ORD-100310,2024-05-10,,BOK-002,Echoes of Tomorrow,Books,119,2,238,delivered,
ORD-100312,2024-06-29,Nour Saleh,FSH-002,Denim Jacket,Fashion,549,5,2745,cancelled,
ORD-100181,2024-03-31,Salma Nasser,TOY-002,Plush Teddy Bear,Toys,116.1,2,232.2,delivered,
ORD-100198,2024-03-28,Layla Mansour,TOY-002,Plush Teddy Bear,Toys,116.1,3,348.3,delivered,
ORD-100182,2024-03-19,Mona Ibrahim,HOM-002,Stainless Steel Pan,Home & Kitchen,389,1,389,delivered,
ORD-100736,2025-06-15,Omar Mansour,BOK-002,Echoes of Tomorrow,Books,119,1,119,cancelled,
ORD-100306,2025-09-03,Amir Hassan,BTY-002,Matte Lipstick,Beauty,89,2,178,delivered,
ORD-100668,2025-03-22,Yara Adel,HOM-004,Knife Block Set,Home & Kitchen,459,5,2295,delivered,
ORD-100475,2024-08-01,Hassan Zaki,FSH-004,Leather Wallet,Fashion,229,3,687,delivered,
ORD-100612,2024-09-08,Karim Ibrahim,GRO-004,Dark Chocolate,Grocery,69,5,345,delivered,
ORD-100734,2025-11-19,Hassan Sabry,GRO-001,Organic Honey,Grocery,99,1,99,returned,Wrong size
ORD-100264,2024-06-19,Nour Hassan,FSH-006,Baseball Cap,Fashion,99,4,396,returned,Wrong item
ORD-100350,2024-03-12,Lina Habib,FSH-004,Leather Wallet,Fashion,229,1,229,returned,Changed mind
ORD-100485,2024-06-30,Rana Nasser,ELC-002,Mechanical Keyboard,Electronics,549,5,2745,delivered,
ORD-100565,2024-07-06,Mona Sabry,FSH-004,Leather Wallet,Fashion,229,4,916,delivered,
ORD-100023,2024-03-10,Nour Habib,BTY-002,Matte Lipstick,Beauty,80,2,160,returned,Unspecified
ORD-100351,2025-05-31,Dina Saleh,GRO-001,Organic Honey,Grocery,99,5,495,delivered,
ORD-100696,2024-03-06,Dina Sabry,FSH-003,Running Shoes,Fashion,699,1,699,cancelled,
ORD-100474,2024-06-24,Mona Mostafa,SPT-004,Resistance Bands,Sports,139,1,139,delivered,
ORD-100260,2024-05-05,Nour Ibrahim,FSH-001,Cotton T-Shirt,Fashion,119,2,238,delivered,
ORD-100699,2024-03-31,,ELC-001,Wireless Mouse,Electronics,179.1,4,716.4,delivered,
ORD-100669,2024-02-29,,GRO-004,Dark Chocolate,Grocery,69,5,345,delivered,
ORD-100074,2025-06-06,Nour Ibrahim,TOY-003,Remote Control Car,Toys,314,1,314,returned,Wrong item
ORD-100662,2025-08-28,Heba Sabry,BTY-003,Facial Cleanser,Beauty,129,5,645,delivered,
ORD-100161,2025-04-08,Mona Ibrahim,FSH-003,Running Shoes,Fashion,699,4,2796,delivered,
ORD-100537,2024-07-11,Mahmoud Mansour,HOM-006,Glass Storage Jars,Home & Kitchen,129,4,516,cancelled,
ORD-100053,2024-08-01,Mona Habib,ELC-005,4K Monitor,Electronics,2249.1,2,4498.2,returned,Defective
ORD-100588,2024-05-06,Mahmoud Adel,ELC-001,Wireless Mouse,Electronics,199,5,995,delivered,
ORD-100265,2024-02-24,Mahmoud Hassan,ELC-004,USB-C Charger,Electronics,149,4,596,delivered,
ORD-100194,2025-08-24,Mahmoud Adel,FSH-003,Running Shoes,Fashion,699,3,2097,delivered,
ORD-100689,2024-09-13,,SPT-001,Yoga Mat,Sports,169,4,676,delivered,
ORD-100049,2024-05-28,Salma Zaki,BOK-001,The Everyday Cookbook,Books,134.1,5,670.5,delivered,
ORD-100314,2024-03-24,Sami Nasser,BTY-004,Hair Dryer,Beauty,399,5,1995,delivered,
ORD-100399,2025-03-07,Youssef Ali,BTY-004,Hair Dryer,Beauty,399,2,798,delivered,
ORD-100707,2024-12-19,Sami Adel,TOY-002,Plush Teddy Bear,Toys,129,2,258,delivered,
ORD-100650,2024-09-28,Karim Mansour,GRO-002,Green Tea,Grocery,79,5,395,delivered,
ORD-100215,2024-03-21,Rana Nasser,GRO-001,Organic Honey,Grocery,89.1,2,178.2,delivered,
ORD-100593,2025-05-06,Mona Habib,HOM-006,Glass Storage Jars,Home & Kitchen,129,5,645,returned,Damaged
ORD-100657,,Salma Farouk,BTY-001,Vitamin C Serum,Beauty,189,1,189,returned,Damaged
ORD-100449,2025-01-30,Tarek Nasser,HOM-003,Electric Kettle,Home & Kitchen,249,3,747,returned,Wrong item
ORD-100246,2024-01-23,Tarek Adel,ELC-001,Wireless Mouse,Electronics,199,5,995,cancelled,
ORD-100103,2025-04-06,Mahmoud Habib,ELC-001,Wireless Mouse,Electronics,199,5,995,delivered,
ORD-100221,2024-05-27,Khaled Saleh,ELC-002,Mechanical Keyboard,Electronics,549,1,549,delivered,
ORD-100436,2024-05-16,,BTY-001,Vitamin C Serum,Beauty,189,2,378,delivered,
ORD-100400,2024-10-20,Lina Mostafa,GRO-003,Olive Oil,Grocery,189,2,378,delivered,
ORD-100446,2024-11-05,Mona Mansour,HOM-005,Air Fryer,Home & Kitchen,899,3,2697,delivered,
ORD-100660,2024-11-15,Mona Ali,GRO-003,Olive Oil,Grocery,189,4,756,delivered,
ORD-100078,2025-10-31,,BTY-002,Matte Lipstick,Beauty,89,2,178,delivered,
ORD-100463,2024-11-24,Amir Sabry,ELC-007,Power Bank 20000mAh,Electronics,279,4,1116,cancelled,
ORD-100596,2024-12-11,Layla Mansour,BOK-002,Echoes of Tomorrow,Books,107.1,4,428.4,delivered,
ORD-100032,2024-03-09,Mahmoud Nasser,TOY-002,Plush Teddy Bear,Toys,116,2,232,delivered,
ORD-100659,2025-04-15,Tarek Ibrahim,GRO-004,Dark Chocolate,Grocery,69,5,345,delivered,
ORD-100334,2025-04-09,Karim Mansour,TOY-001,Building Blocks Set,Toys,219,3,657,delivered,
ORD-100415,2024-04-28,Mahmoud Habib,HOM-002,Stainless Steel Pan,Home & Kitchen,389,3,1167,delivered,
ORD-100727,2025-08-23,,HOM-005,Air Fryer,Home & Kitchen,899,1,899,delivered,
ORD-100531,2024-05-17,Sara Mostafa,HOM-005,Air Fryer,Home & Kitchen,899,3,2697,delivered,
ORD-100243,2025-02-11,Sara Sabry,BTY-001,Vitamin C Serum,Beauty,189,5,945,delivered,
ORD-100169,2024-10-13,Omar Mansour,HOM-003,Electric Kettle,Home & Kitchen,249,2,498,delivered,
ORD-100601,2025-11-29,Layla Farouk,FSH-003,Running Shoes,Fashion,699,2,1398,delivered,
ORD-100458,2024-05-06,Lina Saleh,ELC-007,Power Bank 20000mAh,Electronics,279,2,558,delivered,
ORD-100063,2024-05-12,Tarek Zaki,ELC-005,4K Monitor,Electronics,2499,1,2499,returned,Damaged
ORD-100374,2025-10-31,Heba Nasser,HOM-006,Glass Storage Jars,Home & Kitchen,129,2,258,delivered,
ORD-100130,2024-09-11,Mahmoud Mostafa,ELC-007,Power Bank 20000mAh,Electronics,279,5,1395,delivered,
ORD-100438,2024-01-18,Tarek Saleh,ELC-002,Mechanical Keyboard,Electronics,549,2,1098,delivered,
ORD-100602,2025-09-23,Lina Nasser,FSH-006,Baseball Cap,Fashion,99,1,99,returned,Late delivery
ORD-100660,2025-04-03,Layla Zaki,FSH-006,Baseball Cap,Fashion,89,1,89,returned,Damaged
ORD-100645,2025-09-11,Amir Ibrahim,ELC-004,USB-C Charger,Electronics,149,1,149,delivered,
ORD-100364,2025-10-09,Omar Ibrahim,ELC-002,Mechanical Keyboard,Electronics,549,1,549,delivered,
ORD-100066,2024-05-26,Khaled Hassan,SPT-004,Resistance Bands,Sports,139,4,556,delivered,
ORD-100481,2024-01-11,Nour Zaki,HOM-001,Ceramic Mug Set,Home & Kitchen,159,5,795,delivered,
ORD-100440,2025-12-12,Nour Ali,ELC-003,Bluetooth Headphones,Electronics,799,2,1598,delivered,
ORD-100600,2024-02-13,Lina Farouk,ELC-008,Smart Watch,Electronics,1079,1,1079,delivered,
ORD-100082,2025-01-12,Layla Adel,BTY-003,Facial Cleanser,Beauty,129,1,129,delivered,
ORD-100647,2025-05-21,Mona Ali,ELC-001,Wireless Mouse,Electronics,199,3,597,delivered,
ORD-100010,2024-08-02,Youssef Hassan,FSH-006,Baseball Cap,Fashion,99,4,396,delivered,
ORD-100570,2025-06-24,Sami Zaki,HOM-006,Glass Storage Jars,Home & Kitchen,129,2,258,delivered,
ORD-100174,2024-10-09,Nour Habib,TOY-001,Building Blocks Set,Toys,219,5,1095,delivered,
ORD-100293,2024-07-26,Mahmoud Habib,ELC-004,USB-C Charger,Electronics,149,4,596,delivered,
ORD-100281,2025-09-30,Yara Ali,BOK-003,The Focus Method,Books,129,1,129,cancelled,
ORD-100011,2024-04-12,Mona Farouk,BTY-001,Vitamin C Serum,Beauty,189,1,189,cancelled,
ORD-100660,2024-11-11,Sami Adel,ELC-008,Smart Watch,Electronics,1199,1,1199,delivered,
ORD-100492,2024-12-24,Sami Mansour,TOY-002,Plush Teddy Bear,Toys,129,1,129,delivered,
ORD-100719,2024-11-05,Salma Nasser,BOK-001,The Everyday Cookbook,Books,149,3,447,delivered,
ORD-100207,2025-05-30,Tarek Farouk,SPT-002,Dumbbell Set,Sports,599,4,2396,delivered,
ORD-100417,2024-04-29,Sami Farouk,ELC-001,Wireless Mouse,Electronics,199,5,995,returned,Changed mind
ORD-100488,2025-12-27,Ahmed Sabry,TOY-002,Plush Teddy Bear,Toys,129,3,387,delivered,
ORD-100209,2025-06-26,Layla Ali,GRO-001,Organic Honey,Grocery,99,2,198,delivered,
ORD-100325,2024-01-07,Lina Farouk,HOM-006,Glass Storage Jars,Home & Kitchen,116.1,2,232.2,delivered,
ORD-100038,2025-10-08,Mahmoud Ali,SPT-004,Resistance Bands,Sports,125.1,5,625.5,delivered,
ORD-100592,2025-08-12,Ahmed Habib,BTY-002,Matte Lipstick,Beauty,89,4,356,delivered,
ORD-100625,2024-01-16,Lina Mansour,HOM-002,Stainless Steel Pan,Home & Kitchen,389,2,778,returned,Wrong size
ORD-100028,2024-02-14,,BOK-002,Echoes of Tomorrow,Books,119,1,119,delivered,
ORD-100248,2025-12-30,Layla Ibrahim,HOM-002,Stainless Steel Pan,Home & Kitchen,389,4,1556,cancelled,
ORD-100239,2025-03-22,Yara Nasser,ELC-005,4K Monitor,Electronics,2499,1,2499,delivered,
ORD-100590,2025-10-26,Ahmed Hassan,TOY-003,Remote Control Car,Toys,349,1,349,returned,Damaged
ORD-100500,2025-05-30,Heba Sabry,ELC-005,4K Monitor,Electronics,2499,5,12495,returned,Not as described
ORD-100436,2024-06-11,Yara Adel,TOY-001,Building Blocks Set,Toys,219,5,1095,delivered,
ORD-100722,2025-03-12,Sara Hassan,HOM-004,Knife Block Set,Home & Kitchen,459,5,2295,delivered,
ORD-100429,2024-08-01,Hassan Saleh,BTY-003,Facial Cleanser,Beauty,129,1,129,cancelled,
ORD-100014,2025-12-25,Youssef Mansour,TOY-003,Remote Control Car,Toys,349,1,349,delivered,
ORD-100567,2024-06-06,Layla Habib,BOK-002,Echoes of Tomorrow,Books,119,4,476,delivered,
ORD-100290,2025-01-09,Karim Sabry,FSH-005,Wool Scarf,Fashion,179,2,358,cancelled,
ORD-100006,2024-08-05,Ahmed Nasser,BOK-002,Echoes of Tomorrow,Books,119,4,476,delivered,
ORD-100235,2025-08-01,Youssef Nasser,TOY-003,Remote Control Car,Toys,349,3,1047,delivered,
ORD-100386,2025-02-05,Salma Nasser,FSH-001,Cotton T-Shirt,Fashion,119,5,595,delivered,
ORD-100405,2025-05-04,Sara Mostafa,BTY-003,Facial Cleanser,Beauty,129,5,645,delivered,
ORD-100274,2024-03-29,Layla Ibrahim,TOY-002,Plush Teddy Bear,Toys,129,2,258,delivered,
ORD-100667,2024-03-10,Karim Nasser,GRO-001,Organic Honey,Grocery,99,2,198,delivered,
ORD-100289,2025-04-06,,ELC-006,HD Webcam,Electronics,329,2,658,delivered,
ORD-100321,2025-12-02,Omar Zaki,ELC-007,Power Bank 20000mAh,Electronics,279,4,1116,returned,Defective
ORD-100424,,Lina Habib,BTY-002,Matte Lipstick,Beauty,89,3,267,delivered,
ORD-100273,2025-05-24,Mahmoud Saleh,GRO-002,Green Tea,Grocery,79,4,316,delivered,
ORD-100033,2024-05-07,Nour Farouk,SPT-004,Resistance Bands,Sports,125.1,5,625.5,delivered,
ORD-100151,2024-09-25,Tarek Ibrahim,SPT-002,Dumbbell Set,Sports,599,5,2995,delivered,
ORD-100582,2025-03-22,Lina Zaki,HOM-003,Electric Kettle,Home & Kitchen,249,1,249,delivered,
ORD-100157,2024-10-27,Karim Saleh,FSH-006,Baseball Cap,Fashion,99,3,297,delivered,
ORD-100311,2025-10-22,Khaled Nasser,TOY-001,Building Blocks Set,Toys,219,1,219,delivered,
ORD-100714,2024-12-16,Layla Hassan,BOK-002,Echoes of Tomorrow,Books,119,2,238,delivered,
ORD-100485,2025-11-05,Heba Saleh,GRO-002,Green Tea,Grocery,79,5,395,delivered,
ORD-100425,2024-11-11,Yara Saleh,GRO-004,Dark Chocolate,Grocery,69,3,207,cancelled,
ORD-100326,2024-07-13,Dina Ali,GRO-001,Organic Honey,Grocery,99,3,297,delivered,
ORD-100193,2024-04-15,Rana Sabry,GRO-001,Organic Honey,Grocery,99,4,396,returned,Defective
ORD-100406,2025-07-27,Lina Hassan,BTY-003,Facial Cleanser,Beauty,116.1,1,116.1,delivered,
ORD-100111,2024-06-18,,BTY-001,Vitamin C Serum,Beauty,189,2,378,delivered,
ORD-100640,2024-10-28,Mahmoud Saleh,GRO-004,Dark Chocolate,Grocery,69,3,207,delivered,
ORD-100016,2024-07-28,Sara Ali,ELC-001,Wireless Mouse,Electronics,199,4,796,delivered,
ORD-100476,2025-05-04,Lina Zaki,FSH-006,Baseball Cap,Fashion,99,3,297,delivered,
ORD-100061,2024-01-11,Layla Sabry,BOK-001,The Everyday Cookbook,Books,149,5,745,delivered,
ORD-100184,2025-08-24,,ELC-007,Power Bank 20000mAh,Electronics,279,1,279,delivered,
ORD-100436,2024-04-10,Sami Farouk,FSH-002,Denim Jacket,Fashion,549,1,549,delivered,
ORD-100551,2025-03-14,Ahmed Habib,FSH-004,Leather Wallet,Fashion,229,2,458,delivered,
ORD-100042,2025-12-20,Nour Ibrahim,HOM-004,Knife Block Set,Home & Kitchen,459,3,1377,delivered,
ORD-100226,2024-01-10,Salma Hassan,FSH-006,Baseball Cap,Fashion,99,2,198,cancelled,
ORD-100100,2025-06-02,Omar Saleh,SPT-001,Yoga Mat,Sports,152.1,1,152.1,returned,Not as described
ORD-100343,2025-04-08,Yara Ali,ELC-006,HD Webcam,Electronics,329,3,987,delivered,
ORD-100644,2025-10-15,Hassan Hassan,BOK-001,The Everyday Cookbook,Books,149,3,447,returned,Not as described
ORD-100209,2024-11-16,Nour Saleh,ELC-007,Power Bank 20000mAh,Electronics,279,1,279,returned,Wrong size
ORD-100626,2024-06-14,Dina Adel,TOY-001,Building Blocks Set,Toys,219,2,438,returned,Defective
ORD-100050,2025-03-28,Sara Mansour,HOM-004,Knife Block Set,Home & Kitchen,459,2,918,delivered,
ORD-100240,2025-12-24,Heba Adel,HOM-001,Ceramic Mug Set,Home & Kitchen,159,1,159,delivered,
ORD-100109,2024-06-02,Nour Ali,TOY-001,Building Blocks Set,Toys,219,5,1095,cancelled,
ORD-100508,2024-10-12,Sara Nasser,ELC-006,HD Webcam,Electronics,329,1,329,delivered,
ORD-100128,,,TOY-002,Plush Teddy Bear,Toys,129,5,645,delivered,
ORD-100550,2024-01-05,Lina Ali,HOM-001,Ceramic Mug Set,Home & Kitchen,159,2,318,delivered,
ORD-100618,2024-12-29,Khaled Mansour,BTY-003,Facial Cleanser,Beauty,129,1,129,delivered,
ORD-100419,2024-05-14,Ahmed Adel,FSH-003,Running Shoes,Fashion,629.1,3,1887.3,returned,Not as described
ORD-100586,2025-11-10,Rana Ali,GRO-001,Organic Honey,Grocery,99,4,396,returned,Wrong item
ORD-100056,2024-12-10,Tarek Zaki,BOK-001,The Everyday Cookbook,Books,149,1,149,delivered,
ORD-100315,2024-02-23,Sami Adel,FSH-003,Running Shoes,Fashion,699,2,1398,delivered,
ORD-100444,2025-03-16,Salma Nasser,HOM-002,Stainless Steel Pan,Home & Kitchen,389,5,1945,returned,Defective
ORD-100291,2025-08-18,Salma Habib,ELC-001,Wireless Mouse,Electronics,179.1,3,537.3,delivered,
ORD-100144,2024-02-15,Youssef Hassan,HOM-004,Knife Block Set,Home & Kitchen,413,2,826,returned,Wrong size
ORD-100490,2024-02-13,Mona Sabry,ELC-004,USB-C Charger,Electronics,149,1,149,delivered,
ORD-100465,2024-03-07,Karim Adel,SPT-004,Resistance Bands,Sports,139,3,417,delivered,
ORD-100526,2025-06-24,Mona Ibrahim,ELC-008,Smart Watch,Electronics,1079.1,2,2158.2,delivered,
ORD-100256,2025-08-24,Tarek Nasser,ELC-005,4K Monitor,Electronics,2249.1,2,4498.2,delivered,
ORD-100579,2025-02-20,Omar Farouk,FSH-005,Wool Scarf,Fashion,179,5,895,cancelled,
ORD-100095,2024-06-14,Ahmed Saleh,ELC-007,Power Bank 20000mAh,Electronics,279,4,1116,delivered,
ORD-100735,2024-05-06,Amir Ibrahim,GRO-001,Organic Honey,Grocery,99,4,396,delivered,
ORD-100329,,Yara Adel,FSH-004,Leather Wallet,Fashion,229,5,1145,returned,Late delivery
ORD-100277,2024-05-02,Mona Nasser,GRO-004,Dark Chocolate,Grocery,69,1,69,delivered,
ORD-100376,2025-09-27,Mona Ali,FSH-002,Denim Jacket,Fashion,549,1,549,delivered,
ORD-100301,2024-08-10,Heba Hassan,TOY-003,Remote Control Car,Toys,349,5,1745,delivered,
ORD-100081,2024-01-08,Yara Nasser,HOM-005,Air Fryer,Home & Kitchen,899,3,2697,delivered,
ORD-100019,2025-11-03,Rana Zaki,BTY-003,Facial Cleanser,Beauty,129,1,129,delivered,
ORD-100180,2024-12-01,Omar Adel,ELC-007,Power Bank 20000mAh,Electronics,279,2,558,delivered,
ORD-100460,2025-06-20,,BTY-003,Facial Cleanser,Beauty,129,1,129,delivered,
ORD-100576,2024-07-11,Ahmed Ali,HOM-003,Electric Kettle,Home & Kitchen,249,3,747,delivered,
ORD-100337,2024-08-14,Mahmoud Saleh,ELC-002,Mechanical Keyboard,Electronics,549,2,1098,delivered,
ORD-100236,2024-04-26,Dina Nasser,FSH-004,Leather Wallet,Fashion,229,5,1145,delivered,
ORD-100393,,Yara Mostafa,FSH-002,Denim Jacket,Fashion,494.1,1,494.1,returned,Late delivery
ORD-100712,2024-02-20,Sami Habib,ELC-004,USB-C Charger,Electronics,134,1,134,returned,Late delivery
ORD-100035,2025-12-10,Sami Habib,SPT-002,Dumbbell Set,Sports,599,3,1797,delivered,
ORD-100489,2025-03-27,Sami Mostafa,FSH-002,Denim Jacket,Fashion,549,1,549,returned,Late delivery
ORD-100447,2024-01-23,Mahmoud Ibrahim,SPT-004,Resistance Bands,Sports,139,1,139,returned,Defective
ORD-100553,2024-08-09,Salma Mostafa,ELC-002,Mechanical Keyboard,Electronics,549,4,2196,delivered,
ORD-100723,2025-02-12,Sara Mostafa,ELC-003,Bluetooth Headphones,Electronics,799,1,799,returned,Not as described
ORD-100342,,Sara Sabry,ELC-001,Wireless Mouse,Electronics,179.1,1,179.1,returned,Late delivery
ORD-100216,2024-01-12,Ahmed Farouk,BTY-003,Facial Cleanser,Beauty,129,1,129,returned,Late delivery
ORD-100517,2025-07-29,Rana Nasser,FSH-002,Denim Jacket,Fashion,549,1,549,delivered,
ORD-100621,2025-11-02,Yara Mostafa,HOM-001,Ceramic Mug Set,Home & Kitchen,143.1,1,143.1,delivered,
ORD-100546,,Hassan Ali,HOM-006,Glass Storage Jars,Home & Kitchen,129,2,258,delivered,
ORD-100087,2025-01-15,Rana Mostafa,SPT-002,Dumbbell Set,Sports,599,5,2995,delivered,
ORD-100627,2025-10-12,Yara Nasser,ELC-003,Bluetooth Headphones,Electronics,799,3,2397,delivered,
ORD-100271,2025-12-02,Nour Farouk,GRO-001,Organic Honey,Grocery,89,1,89,delivered,
ORD-100348,2024-04-04,Karim Mansour,HOM-003,Electric Kettle,Home & Kitchen,224.1,1,224.1,cancelled,
ORD-100672,2025-12-13,Hassan Saleh,ELC-002,Mechanical Keyboard,Electronics,494.1,1,494.1,delivered,
ORD-100295,2024-01-22,Salma Hassan,FSH-003,Running Shoes,Fashion,699,3,2097,delivered,
ORD-100572,2024-12-23,Sara Ibrahim,SPT-002,Dumbbell Set,Sports,599,4,2396,delivered,
ORD-100120,2024-12-16,Amir Mostafa,ELC-008,Smart Watch,Electronics,1199,1,1199,delivered,
ORD-100547,2025-12-30,Mona Sabry,GRO-002,Green Tea,Grocery,79,4,316,delivered,
ORD-100728,2024-10-03,Sara Saleh,TOY-001,Building Blocks Set,Toys,219,5,1095,delivered,
ORD-100365,2024-12-06,Ahmed Mansour,ELC-005,4K Monitor,Electronics,2499,5,12495,cancelled,
ORD-100317,2024-05-15,Dina Ali,SPT-004,Resistance Bands,Sports,139,3,417,delivered,
ORD-100431,2025-12-11,Heba Hassan,GRO-003,Olive Oil,Grocery,189,3,567,delivered,
ORD-100401,2025-03-14,Yara Mansour,TOY-002,Plush Teddy Bear,Toys,129,4,516,delivered,
ORD-100309,2025-02-04,Nour Nasser,GRO-002,Green Tea,Grocery,71,3,213,delivered,
ORD-100149,2025-08-15,Rana Ali,BOK-003,The Focus Method,Books,129,3,387,delivered,
ORD-100046,2024-10-22,Ahmed Habib,BOK-001,The Everyday Cookbook,Books,134,1,134,returned,Wrong item
ORD-100402,2025-06-21,Hassan Nasser,SPT-002,Dumbbell Set,Sports,599,5,2995,delivered,
ORD-100364,2025-10-05,Layla Adel,SPT-004,Resistance Bands,Sports,125.1,4,500.4,delivered,
ORD-100452,2024-03-06,Hassan Sabry,SPT-001,Yoga Mat,Sports,169,1,169,returned,Not as described
ORD-100432,2024-10-31,Ahmed Zaki,HOM-006,Glass Storage Jars,Home & Kitchen,116.1,3,348.3,delivered,
ORD-100491,2024-09-05,Tarek Ibrahim,ELC-004,USB-C Charger,Electronics,134.1,1,134.1,delivered,
ORD-100253,2024-03-17,Tarek Saleh,FSH-002,Denim Jacket,Fashion,549,5,2745,delivered,
ORD-100074,2025-03-18,Karim Farouk,ELC-002,Mechanical Keyboard,Electronics,549,2,1098,cancelled,
ORD-100283,2025-02-27,Mona Adel,SPT-001,Yoga Mat,Sports,169,5,845,delivered,
ORD-100147,2025-08-05,Sara Mansour,TOY-003,Remote Control Car,Toys,314.1,1,314.1,delivered,
ORD-100424,2024-09-21,Karim Saleh,HOM-006,Glass Storage Jars,Home & Kitchen,129,1,129,delivered,
ORD-100080,2024-07-03,Dina Habib,FSH-002,Denim Jacket,Fashion,494.1,1,494.1,delivered,
ORD-100630,2025-12-30,Heba Ali,BOK-003,The Focus Method,Books,129,1,129,delivered,
ORD-100003,,Nour Habib,BOK-002,Echoes of Tomorrow,Books,119,4,476,delivered,
ORD-100272,2025-05-08,Lina Habib,ELC-004,USB-C Charger,Electronics,149,2,298,delivered,
ORD-100616,2025-07-29,Mahmoud Mansour,FSH-004,Leather Wallet,Fashion,229,2,458,delivered,
ORD-100037,2024-07-11,Khaled Ibrahim,ELC-006,HD Webcam,Electronics,329,5,1645,delivered,
ORD-100036,2025-03-31,Lina Nasser,ELC-007,Power Bank 20000mAh,Electronics,279,2,558,delivered,
ORD-100523,2025-12-22,Youssef Habib,TOY-003,Remote Control Car,Toys,349,2,698,delivered,
ORD-100466,2025-08-24,Tarek Ibrahim,HOM-004,Knife Block Set,Home & Kitchen,459,4,1836,delivered,
ORD-100329,2024-02-22,Amir Ibrahim,BTY-002,Matte Lipstick,Beauty,89,4,356,delivered,
ORD-100097,2025-01-31,Rana Hassan,FSH-002,Denim Jacket,Fashion,549,4,2196,delivered,
ORD-100071,2025-08-04,Sami Habib,HOM-004,Knife Block Set,Home & Kitchen,459,1,459,delivered,
ORD-100509,2024-06-20,Salma Saleh,BOK-003,The Focus Method,Books,129,2,258,delivered,
ORD-100412,2024-01-17,Rana Zaki,HOM-005,Air Fryer,Home & Kitchen,899,2,1798,delivered,
ORD-100335,2025-09-24,Amir Farouk,HOM-003,Electric Kettle,Home & Kitchen,249,2,498,delivered,
ORD-100413,2024-07-24,Karim Hassan,TOY-003,Remote Control Car,Toys,314.1,2,628.2,delivered,
ORD-100200,2024-12-21,Mahmoud Ibrahim,FSH-003,Running Shoes,Fashion,699,5,3495,delivered,
ORD-100123,2024-05-26,Lina Mostafa,GRO-001,Organic Honey,Grocery,99,4,396,delivered,
ORD-100269,2025-11-04,Tarek Nasser,SPT-004,Resistance Bands,Sports,139,4,556,delivered,
ORD-100015,2024-01-13,Mona Nasser,ELC-002,Mechanical Keyboard,Electronics,549,2,1098,delivered,
ORD-100009,,Lina Ali,HOM-002,Stainless Steel Pan,Home & Kitchen,389,1,389,cancelled,
ORD-100110,2024-02-16,Layla Ibrahim,ELC-008,Smart Watch,Electronics,1199,1,1199,delivered,
ORD-100396,2024-06-29,Omar Mostafa,ELC-003,Bluetooth Headphones,Electronics,799,1,799,delivered,
ORD-100724,2024-03-13,Tarek Nasser,BOK-002,Echoes of Tomorrow,Books,107.1,3,321.3,delivered,
ORD-100634,2024-04-05,Layla Nasser,BOK-001,The Everyday Cookbook,Books,149,2,298,returned,Not as described
ORD-100204,2025-12-10,Sara Habib,FSH-005,Wool Scarf,Fashion,179,4,716,delivered,
ORD-100678,2024-09-07,Lina Farouk,HOM-005,Air Fryer,Home & Kitchen,899,2,1798,cancelled,
ORD-100439,2024-07-11,Hassan Ibrahim,SPT-003,Water Bottle,Sports,109,3,327,returned,Not as described
ORD-100318,2024-02-29,Ahmed Mansour,HOM-002,Stainless Steel Pan,Home & Kitchen,389,4,1556,delivered,
ORD-100520,2024-09-20,Tarek Mostafa,GRO-002,Green Tea,Grocery,79,2,158,delivered,
ORD-100087,2025-01-21,Amir Nasser,BOK-003,The Focus Method,Books,129,5,645,delivered,
ORD-100563,2024-10-05,Sara Zaki,ELC-002,Mechanical Keyboard,Electronics,549,3,1647,delivered,
ORD-100319,2025-02-16,Karim Farouk,BTY-002,Matte Lipstick,Beauty,89,4,356,delivered,
ORD-100518,2025-06-29,Youssef Ibrahim,BTY-001,Vitamin C Serum,Beauty,189,3,567,delivered,
ORD-100129,2024-12-11,Layla Mansour,GRO-004,Dark Chocolate,Grocery,69,4,276,delivered,
ORD-100494,2024-11-13,,FSH-005,Wool Scarf,Fashion,179,2,358,delivered,
ORD-100244,2024-12-25,Lina Sabry,SPT-004,Resistance Bands,Sports,139,1,139,delivered,
ORD-100178,,Khaled Farouk,ELC-002,Mechanical Keyboard,Electronics,549,2,1098,delivered,
ORD-100043,2024-01-25,Sami Habib,FSH-004,Leather Wallet,Fashion,229,5,1145,returned,Late delivery
ORD-100039,2024-08-03,Salma Adel,BOK-001,The Everyday Cookbook,Books,149,5,745,delivered,
ORD-100174,2024-07-09,Tarek Saleh,ELC-002,Mechanical Keyboard,Electronics,549,1,549,delivered,
ORD-100480,2025-03-10,Yara Zaki,GRO-002,Green Tea,Grocery,79,1,79,delivered,
ORD-100501,2024-07-27,,HOM-006,Glass Storage Jars,Home & Kitchen,129,2,258,delivered,
ORD-100575,2025-05-04,Mona Adel,FSH-005,Wool Scarf,Fashion,179,1,179,delivered,
ORD-100392,2024-03-30,Heba Saleh,ELC-005,4K Monitor,Electronics,2499,3,7497,delivered,
ORD-100188,2025-12-18,Lina Ibrahim,ELC-008,Smart Watch,Electronics,1199,4,4796,returned,Damaged
ORD-100461,2024-03-04,Tarek Adel,BOK-003,The Focus Method,Books,129,1,129,delivered,
ORD-100428,2024-09-26,Karim Ibrahim,BTY-004,Hair Dryer,Beauty,359,5,1795,delivered,
ORD-100308,2025-06-28,Dina Nasser,SPT-004,Resistance Bands,Sports,139,5,695,delivered,
ORD-100058,2025-01-08,Karim Adel,ELC-002,Mechanical Keyboard,Electronics,549,4,2196,delivered,
ORD-100332,2024-12-14,Dina Hassan,BOK-001,The Everyday Cookbook,Books,149,2,298,delivered,
ORD-100597,2024-08-15,Sami Zaki,HOM-001,Ceramic Mug Set,Home & Kitchen,159,3,477,delivered,
ORD-100709,2025-08-03,Tarek Habib,GRO-004,Dark Chocolate,Grocery,69,5,345,delivered,
ORD-100196,2024-12-05,Yara Mostafa,FSH-004,Leather Wallet,Fashion,229,4,916,delivered,
ORD-100561,2025-06-03,Lina Mansour,HOM-006,Glass Storage Jars,Home & Kitchen,129,2,258,delivered,
ORD-100459,2024-03-04,Rana Ali,ELC-006,HD Webcam,Electronics,329,1,329,delivered,
ORD-100431,2024-04-07,Ahmed Hassan,SPT-003,Water Bottle,Sports,109,1,109,delivered,
ORD-100153,2024-09-29,Salma Farouk,ELC-006,HD Webcam,Electronics,329,1,329,delivered,
ORD-100589,2024-03-05,Tarek Farouk,SPT-004,Resistance Bands,Sports,139,1,139,delivered,
ORD-100005,2024-05-27,Rana Habib,ELC-003,Bluetooth Headphones,Electronics,799,1,799,delivered,
ORD-100700,2025-11-15,Nour Ibrahim,TOY-003,Remote Control Car,Toys,314.1,5,1570.5,delivered,
ORD-100462,2025-05-21,Heba Ali,HOM-006,Glass Storage Jars,Home & Kitchen,129,5,645,delivered,
ORD-100171,2025-11-08,Omar Hassan,ELC-006,HD Webcam,Electronics,329,4,1316,delivered,
ORD-100493,2025-07-01,Khaled Ali,BTY-003,Facial Cleanser,Beauty,129,1,129,delivered,
ORD-100652,2025-08-26,Tarek Habib,SPT-003,Water Bottle,Sports,109,1,109,cancelled,
ORD-100412,2024-11-30,Mahmoud Saleh,BTY-003,Facial Cleanser,Beauty,129,4,516,delivered,
ORD-100595,2024-01-31,Mona Saleh,BTY-003,Facial Cleanser,Beauty,129,1,129,delivered,
ORD-100203,2025-07-10,Ahmed Saleh,SPT-004,Resistance Bands,Sports,139,3,417,delivered,
ORD-100690,,Tarek Nasser,HOM-003,Electric Kettle,Home & Kitchen,249,5,1245,delivered,
ORD-100477,2024-01-24,Ahmed Mansour,BOK-003,The Focus Method,Books,129,3,387,delivered,
ORD-100614,2024-08-23,Karim Ibrahim,FSH-004,Leather Wallet,Fashion,229,5,1145,delivered,
ORD-100296,2024-03-23,Karim Habib,HOM-002,Stainless Steel Pan,Home & Kitchen,389,5,1945,returned,Late delivery
ORD-100210,2024-05-12,Nour Zaki,FSH-004,Leather Wallet,Fashion,229,4,916,cancelled,
ORD-100057,2024-02-24,Hassan Farouk,TOY-002,Plush Teddy Bear,Toys,129,1,129,returned,Late delivery
ORD-100720,2025-03-15,Hassan Zaki,TOY-001,Building Blocks Set,Toys,219,1,219,delivered,
ORD-100212,2024-12-25,Yara Farouk,BOK-002,Echoes of Tomorrow,Books,107,2,214,delivered,
ORD-100692,,Omar Adel,ELC-007,Power Bank 20000mAh,Electronics,251,3,753,returned,Unspecified
ORD-100516,2025-10-07,Dina Farouk,GRO-003,Olive Oil,Grocery,170.1,2,340.2,delivered,
ORD-100304,,Rana Ibrahim,TOY-003,Remote Control Car,Toys,349,3,1047,cancelled,
ORD-100066,2024-06-01,Youssef Hassan,HOM-003,Electric Kettle,Home & Kitchen,249,5,1245,cancelled,
ORD-100102,2025-06-20,Youssef Saleh,GRO-002,Green Tea,Grocery,79,5,395,delivered,
ORD-100454,2024-08-15,Sami Mostafa,TOY-001,Building Blocks Set,Toys,219,4,876,delivered,
ORD-100145,2024-09-19,Khaled Hassan,TOY-001,Building Blocks Set,Toys,219,1,219,returned,Wrong item
ORD-100284,2025-02-26,Salma Zaki,GRO-003,Olive Oil,Grocery,189,2,378,delivered,
ORD-100702,2025-03-17,Khaled Saleh,GRO-004,Dark Chocolate,Grocery,69,4,276,delivered,
ORD-100605,,Yara Farouk,HOM-006,Glass Storage Jars,Home & Kitchen,129,3,387,delivered,
ORD-100670,2025-01-15,Heba Farouk,ELC-002,Mechanical Keyboard,Electronics,549,4,2196,delivered,
ORD-100523,2025-01-14,Heba Mansour,ELC-003,Bluetooth Headphones,Electronics,719.1,1,719.1,cancelled,
ORD-100222,2025-10-26,Tarek Habib,BTY-004,Hair Dryer,Beauty,399,1,399,cancelled,
ORD-100629,2024-11-23,Amir Sabry,HOM-004,Knife Block Set,Home & Kitchen,459,1,459,returned,Unspecified
ORD-100262,2024-08-04,Omar Mostafa,BOK-003,The Focus Method,Books,129,1,129,delivered,
ORD-100683,,Sami Sabry,GRO-003,Olive Oil,Grocery,170.1,2,340.2,delivered,
ORD-100176,2025-10-01,Karim Ibrahim,BOK-003,The Focus Method,Books,129,1,129,delivered,
ORD-100606,2024-10-12,Ahmed Saleh,GRO-004,Dark Chocolate,Grocery,69,1,69,returned,Unspecified
ORD-100370,2025-06-15,Amir Nasser,BOK-003,The Focus Method,Books,129,2,258,delivered,
ORD-100733,2024-12-17,Youssef Hassan,TOY-001,Building Blocks Set,Toys,219,1,219,delivered,
ORD-100086,2025-02-25,Heba Habib,ELC-002,Mechanical Keyboard,Electronics,549,4,2196,delivered,
ORD-100534,2025-01-03,Youssef Zaki,BTY-001,Vitamin C Serum,Beauty,189,3,567,delivered,
ORD-100704,2025-07-30,Dina Nasser,HOM-002,Stainless Steel Pan,Home & Kitchen,389,2,778,delivered,
ORD-100532,2024-03-06,Heba Sabry,GRO-004,Dark Chocolate,Grocery,62.1,3,186.3,cancelled,
ORD-100545,2025-08-27,Mahmoud Farouk,ELC-005,4K Monitor,Electronics,2249.1,2,4498.2,returned,Not as described
ORD-100242,2025-10-09,Ahmed Hassan,HOM-005,Air Fryer,Home & Kitchen,899,3,2697,cancelled,
ORD-100192,2024-01-02,,TOY-002,Plush Teddy Bear,Toys,129,4,516,delivered,
ORD-100674,2024-08-21,Ahmed Farouk,SPT-004,Resistance Bands,Sports,139,2,278,delivered,
ORD-100562,2024-06-02,Youssef Ali,FSH-006,Baseball Cap,Fashion,99,2,198,returned,Wrong size
ORD-100479,2025-12-14,Nour Ibrahim,ELC-002,Mechanical Keyboard,Electronics,549,1,549,delivered,
ORD-100532,2024-12-19,Lina Ibrahim,FSH-006,Baseball Cap,Fashion,99,5,495,delivered,
ORD-100296,2025-04-06,Youssef Farouk,BOK-003,The Focus Method,Books,129,4,516,delivered,
ORD-100126,,Sara Mostafa,SPT-003,Water Bottle,Sports,109,4,436,delivered,
ORD-100207,2024-05-15,Salma Farouk,HOM-003,Electric Kettle,Home & Kitchen,249,3,747,delivered,
ORD-100502,2025-06-21,Ahmed Mansour,ELC-003,Bluetooth Headphones,Electronics,799,3,2397,cancelled,
ORD-100580,2024-12-30,Heba Nasser,HOM-005,Air Fryer,Home & Kitchen,899,2,1798,delivered,
ORD-100039,2025-07-13,Karim Nasser,HOM-003,Electric Kettle,Home & Kitchen,249,4,996,delivered,
ORD-100164,2025-03-19,Salma Ibrahim,ELC-008,Smart Watch,Electronics,1199,3,3597,returned,Unspecified
ORD-100176,2024-09-23,Karim Habib,FSH-004,Leather Wallet,Fashion,229,2,458,delivered,
ORD-100636,2024-10-27,Lina Mostafa,BOK-002,Echoes of Tomorrow,Books,119,4,476,returned,Late delivery
ORD-100711,,Mahmoud Ibrahim,HOM-003,Electric Kettle,Home & Kitchen,249,5,1245,delivered,
ORD-100172,2024-10-20,,ELC-008,Smart Watch,Electronics,1199,4,4796,delivered,
ORD-100065,2024-08-21,Youssef Nasser,HOM-002,Stainless Steel Pan,Home & Kitchen,389,2,778,returned,Not as described
ORD-100088,2025-03-19,Mona Nasser,BOK-001,The Everyday Cookbook,Books,134.1,5,670.5,returned,Wrong item
ORD-100411,2025-12-13,Nour Mostafa,BOK-001,The Everyday Cookbook,Books,134,2,268,delivered,
ORD-100051,2025-01-16,Tarek Adel,ELC-008,Smart Watch,Electronics,1199,1,1199,delivered,
ORD-100558,2024-11-22,Tarek Hassan,ELC-007,Power Bank 20000mAh,Electronics,279,4,1116,delivered,
ORD-100588,2024-03-26,,ELC-004,USB-C Charger,Electronics,149,5,745,delivered,
ORD-100114,2025-08-21,Youssef Zaki,HOM-004,Knife Block Set,Home & Kitchen,459,1,459,delivered,
ORD-100710,2025-09-01,Dina Ali,HOM-002,Stainless Steel Pan,Home & Kitchen,389,2,778,delivered,
ORD-100531,2025-03-08,Sami Ibrahim,HOM-006,Glass Storage Jars,Home & Kitchen,129,3,387,delivered,
ORD-100498,2024-09-14,Sami Habib,HOM-006,Glass Storage Jars,Home & Kitchen,129,4,516,delivered,
ORD-100455,2024-12-20,Dina Habib,ELC-003,Bluetooth Headphones,Electronics,799,1,799,cancelled,
ORD-100426,2025-07-06,Lina Habib,SPT-002,Dumbbell Set,Sports,599,1,599,delivered,
ORD-100433,2025-04-03,Dina Farouk,HOM-004,Knife Block Set,Home & Kitchen,459,1,459,delivered,
ORD-100213,2025-06-21,Hassan Ali,BOK-001,The Everyday Cookbook,Books,149,5,745,returned,Defective
ORD-100101,2025-04-09,Sara Habib,ELC-006,HD Webcam,Electronics,329,1,329,delivered,
ORD-100519,2025-09-20,Amir Hassan,ELC-001,Wireless Mouse,Electronics,199,4,796,delivered,
ORD-100191,2024-04-13,Mahmoud Farouk,BOK-002,Echoes of Tomorrow,Books,119,1,119,returned,Wrong size
ORD-100274,2025-04-27,Yara Habib,BTY-003,Facial Cleanser,Beauty,129,3,387,returned,Late delivery
ORD-100624,2024-04-29,Yara Nasser,BOK-001,The Everyday Cookbook,Books,149,5,745,delivered,
ORD-100291,2025-12-20,Rana Hassan,ELC-003,Bluetooth Headphones,Electronics,799,4,3196,delivered,
ORD-100292,2025-05-18,Sami Ibrahim,FSH-006,Baseball Cap,Fashion,99,5,495,delivered,
ORD-100125,2025-02-12,Karim Mostafa,GRO-001,Organic Honey,Grocery,99,1,99,returned,Defective
ORD-100549,2024-04-20,Rana Saleh,TOY-001,Building Blocks Set,Toys,197.1,1,197.1,returned,Defective
ORD-100197,,Mona Adel,TOY-001,Building Blocks Set,Toys,197.1,3,591.3,returned,Defective
ORD-100257,2025-12-25,Karim Nasser,GRO-001,Organic Honey,Grocery,99,2,198,delivered,
ORD-100631,2024-08-26,Mahmoud Mostafa,BTY-001,Vitamin C Serum,Beauty,189,4,756,delivered,
ORD-100287,2025-11-19,Omar Mostafa,ELC-003,Bluetooth Headphones,Electronics,799,2,1598,delivered,
ORD-100042,2024-11-15,Hassan Sabry,GRO-004,Dark Chocolate,Grocery,69,3,207,delivered,
ORD-100713,2025-09-26,Karim Zaki,ELC-006,HD Webcam,Electronics,329,3,987,delivered,
ORD-100378,2025-10-10,Nour Hassan,FSH-006,Baseball Cap,Fashion,99,1,99,delivered,
ORD-100292,2025-06-14,Layla Sabry,HOM-005,Air Fryer,Home & Kitchen,899,4,3596,returned,Damaged
ORD-100265,2024-03-14,Yara Habib,HOM-006,Glass Storage Jars,Home & Kitchen,129,1,129,delivered,
ORD-100513,2025-07-30,Mahmoud Habib,BTY-001,Vitamin C Serum,Beauty,189,1,189,returned,Wrong size
ORD-100026,2024-11-08,Sami Habib,BTY-002,Matte Lipstick,Beauty,80.1,1,80.1,returned,Changed mind
ORD-100231,2024-01-11,Youssef Ali,ELC-008,Smart Watch,Electronics,1199,2,2398,returned,Late delivery
ORD-100671,2024-12-02,Nour Zaki,BTY-002,Matte Lipstick,Beauty,89,1,89,cancelled,
ORD-100569,2025-06-13,Mona Nasser,ELC-003,Bluetooth Headphones,Electronics,799,1,799,delivered,
ORD-100282,2024-06-13,Youssef Mostafa,BOK-003,The Focus Method,Books,116,5,580,delivered,
ORD-100059,2024-10-24,Tarek Adel,BOK-001,The Everyday Cookbook,Books,134,5,670,delivered,
ORD-100485,2025-02-04,Heba Nasser,HOM-002,Stainless Steel Pan,Home & Kitchen,389,2,778,delivered,
ORD-100705,2025-07-14,Hassan Mostafa,ELC-003,Bluetooth Headphones,Electronics,799,1,799,cancelled,
ORD-100141,2024-04-14,Khaled Habib,TOY-001,Building Blocks Set,Toys,219,1,219,delivered,
ORD-100552,2024-08-29,Sara Mostafa,ELC-006,HD Webcam,Electronics,329,1,329,delivered,
ORD-100511,2024-04-16,Sami Saleh,HOM-001,Ceramic Mug Set,Home & Kitchen,159,4,636,delivered,
ORD-100468,,Sami Mostafa,GRO-004,Dark Chocolate,Grocery,62,3,186,returned,Not as described
ORD-100168,2025-09-28,Khaled Saleh,SPT-001,Yoga Mat,Sports,169,2,338,delivered,
ORD-100698,2024-09-12,Sara Mansour,FSH-004,Leather Wallet,Fashion,229,5,1145,returned,Late delivery
ORD-100384,2025-12-16,Mahmoud Sabry,BTY-002,Matte Lipstick,Beauty,80.1,2,160.2,delivered,
ORD-100012,2024-04-30,Amir Ali,FSH-003,Running Shoes,Fashion,699,4,2796,delivered,
ORD-100029,2024-12-03,Khaled Adel,ELC-005,4K Monitor,Electronics,2499,1,2499,delivered,
ORD-100725,2024-05-30,Karim Nasser,HOM-001,Ceramic Mug Set,Home & Kitchen,143.1,5,715.5,delivered,
ORD-100622,,Khaled Hassan,ELC-008,Smart Watch,Electronics,1199,3,3597,delivered,
ORD-100136,2025-03-31,Heba Sabry,ELC-001,Wireless Mouse,Electronics,179,4,716,delivered,
ORD-100566,2025-04-01,Tarek Ali,FSH-002,Denim Jacket,Fashion,549,3,1647,delivered,
ORD-100121,2025-10-04,Dina Saleh,TOY-002,Plush Teddy Bear,Toys,129,5,645,delivered,
ORD-100104,2024-10-17,Mona Mostafa,HOM-002,Stainless Steel Pan,Home & Kitchen,350.1,3,1050.3,delivered,
ORD-100571,2024-02-07,Salma Mansour,HOM-002,Stainless Steel Pan,Home & Kitchen,389,4,1556,cancelled,
ORD-100660,2025-05-17,Ahmed Farouk,FSH-003,Running Shoes,Fashion,699,1,699,delivered,
ORD-100458,2024-01-29,Heba Ali,ELC-005,4K Monitor,Electronics,2249.1,2,4498.2,delivered,
ORD-100395,2024-02-02,,ELC-002,Mechanical Keyboard,Electronics,549,4,2196,delivered,
ORD-100583,2024-05-12,Ahmed Mostafa,HOM-001,Ceramic Mug Set,Home & Kitchen,159,5,795,delivered,
ORD-100557,2025-05-06,Amir Ibrahim,BOK-001,The Everyday Cookbook,Books,149,3,447,delivered,
ORD-100368,2025-06-20,Nour Ali,FSH-006,Baseball Cap,Fashion,99,5,495,returned,Late delivery
ORD-100085,2025-06-20,Salma Ibrahim,HOM-004,Knife Block Set,Home & Kitchen,459,4,1836,delivered,
ORD-100035,2025-11-25,Mona Zaki,HOM-003,Electric Kettle,Home & Kitchen,249,3,747,returned,Not as described
ORD-100445,2025-08-06,Sami Nasser,TOY-001,Building Blocks Set,Toys,197.1,4,788.4,returned,Not as described
ORD-100371,2024-03-11,Rana Hassan,GRO-004,Dark Chocolate,Grocery,69,3,207,delivered,
ORD-100068,2025-01-28,Lina Mansour,TOY-003,Remote Control Car,Toys,314,3,942,delivered,
ORD-100530,2025-04-23,Sara Habib,BOK-001,The Everyday Cookbook,Books,149,4,596,returned,Not as described
ORD-100224,2025-06-22,Dina Ibrahim,GRO-002,Green Tea,Grocery,79,1,79,delivered,
ORD-100670,2024-05-31,Amir Mansour,HOM-004,Knife Block Set,Home & Kitchen,459,3,1377,delivered,
ORD-100367,2024-02-19,Layla Zaki,TOY-002,Plush Teddy Bear,Toys,129,4,516,delivered,
ORD-100217,2025-02-27,Yara Adel,TOY-003,Remote Control Car,Toys,349,1,349,delivered,
ORD-100681,2024-07-10,Hassan Zaki,BOK-003,The Focus Method,Books,129,4,516,returned,Damaged
ORD-100339,,Ahmed Habib,BOK-003,The Focus Method,Books,129,5,645,returned,Late delivery
ORD-100234,2025-03-13,Layla Zaki,FSH-004,Leather Wallet,Fashion,229,4,916,delivered,
ORD-100330,2025-07-20,Lina Farouk,ELC-002,Mechanical Keyboard,Electronics,494.1,2,988.2,returned,Wrong size
ORD-100148,2025-12-25,Mona Hassan,BOK-003,The Focus Method,Books,129,2,258,delivered,
ORD-100407,2025-07-24,Sami Mostafa,FSH-005,Wool Scarf,Fashion,161.1,3,483.3,delivered,
ORD-100625,2024-07-27,Tarek Farouk,FSH-001,Cotton T-Shirt,Fashion,119,2,238,delivered,
ORD-100591,2025-06-20,Nour Habib,ELC-007,Power Bank 20000mAh,Electronics,279,1,279,delivered,
ORD-100559,2024-09-07,Layla Sabry,SPT-003,Water Bottle,Sports,109,4,436,delivered,
ORD-100656,2025-10-24,Mahmoud Mansour,HOM-005,Air Fryer,Home & Kitchen,809.1,5,4045.5,returned,Not as described
ORD-100294,2025-01-27,Omar Ali,ELC-004,USB-C Charger,Electronics,149,2,298,delivered,
ORD-100150,2024-02-28,Karim Zaki,FSH-005,Wool Scarf,Fashion,179,4,716,returned,Wrong size
ORD-100064,2024-07-07,Salma Zaki,SPT-001,Yoga Mat,Sports,169,1,169,cancelled,
ORD-100653,2025-06-23,Nour Mostafa,ELC-008,Smart Watch,Electronics,1079.1,4,4316.4,delivered,
ORD-100011,,Layla Mansour,ELC-002,Mechanical Keyboard,Electronics,549,3,1647,delivered,
ORD-100422,,Nour Sabry,ELC-001,Wireless Mouse,Electronics,199,5,995,delivered,
ORD-100533,2024-06-24,Sara Ibrahim,HOM-005,Air Fryer,Home & Kitchen,899,3,2697,delivered,
ORD-100153,,Tarek Ali,GRO-002,Green Tea,Grocery,79,3,237,delivered,
ORD-100598,2024-12-17,Mona Hassan,SPT-002,Dumbbell Set,Sports,599,1,599,delivered,
ORD-100160,,Dina Mostafa,ELC-006,HD Webcam,Electronics,329,5,1645,delivered,
ORD-100325,2024-08-14,Hassan Farouk,GRO-002,Green Tea,Grocery,79,1,79,cancelled,
ORD-100635,2025-10-11,Khaled Adel,TOY-003,Remote Control Car,Toys,314.1,1,314.1,cancelled,
ORD-100127,2024-07-25,Amir Saleh,HOM-003,Electric Kettle,Home & Kitchen,249,4,996,delivered,
ORD-100092,2025-07-26,Sara Mostafa,TOY-002,Plush Teddy Bear,Toys,129,4,516,returned,Wrong item
ORD-100514,2024-07-15,Layla Sabry,BTY-001,Vitamin C Serum,Beauty,189,4,756,delivered,
ORD-100215,2024-02-05,Hassan Farouk,GRO-002,Green Tea,Grocery,79,1,79,returned,Late delivery
ORD-100357,2025-08-17,Amir Zaki,TOY-002,Plush Teddy Bear,Toys,129,1,129,delivered,
ORD-100004,2024-08-06,Sami Zaki,HOM-003,Electric Kettle,Home & Kitchen,249,2,498,delivered,
ORD-100275,2025-07-29,Tarek Farouk,BOK-001,The Everyday Cookbook,Books,149,1,149,delivered,
ORD-100454,2024-08-10,Sara Farouk,ELC-003,Bluetooth Headphones,Electronics,799,3,2397,delivered,
ORD-100357,2024-11-19,Mahmoud Zaki,HOM-001,Ceramic Mug Set,Home & Kitchen,159,4,636,delivered,
ORD-100663,2024-01-16,Youssef Mostafa,BOK-002,Echoes of Tomorrow,Books,119,1,119,delivered,
ORD-100022,2024-03-19,Heba Farouk,HOM-003,Electric Kettle,Home & Kitchen,249,5,1245,cancelled,
ORD-100118,2024-04-05,Amir Nasser,SPT-002,Dumbbell Set,Sports,599,4,2396,delivered,
ORD-100362,2024-04-01,Hassan Hassan,HOM-005,Air Fryer,Home & Kitchen,899,5,4495,returned,Changed mind
ORD-100720,2024-05-01,Dina Ali,HOM-006,Glass Storage Jars,Home & Kitchen,129,4,516,delivered,
ORD-100199,2024-06-27,Khaled Sabry,HOM-005,Air Fryer,Home & Kitchen,899,4,3596,delivered,
ORD-100408,2024-08-28,,ELC-001,Wireless Mouse,Electronics,199,2,398,delivered,
ORD-100620,2025-09-21,Nour Farouk,HOM-001,Ceramic Mug Set,Home & Kitchen,159,4,636,delivered,
ORD-100390,2025-04-01,Amir Mostafa,BOK-002,Echoes of Tomorrow,Books,119,4,476,returned,Late delivery
ORD-100512,2024-05-04,Mahmoud Nasser,BTY-003,Facial Cleanser,Beauty,129,1,129,returned,Late delivery
ORD-100421,2024-08-05,Amir Ali,TOY-003,Remote Control Car,Toys,349,4,1396,delivered,
ORD-100139,2025-05-31,Mona Habib,GRO-002,Green Tea,Grocery,79,2,158,delivered,
ORD-100340,2024-07-25,Dina Nasser,TOY-003,Remote Control Car,Toys,349,1,349,delivered,
ORD-100525,2025-07-04,Tarek Ali,FSH-003,Running Shoes,Fashion,699,2,1398,delivered,
ORD-100647,2025-10-26,Mona Farouk,FSH-002,Denim Jacket,Fashion,549,4,2196,returned,Not as described
ORD-100229,2025-12-03,Dina Farouk,ELC-003,Bluetooth Headphones,Electronics,799,1,799,delivered,
ORD-100703,2024-05-06,Youssef Nasser,FSH-005,Wool Scarf,Fashion,179,2,358,delivered,
ORD-100276,2024-11-14,Hassan Adel,HOM-005,Air Fryer,Home & Kitchen,899,4,3596,delivered,
ORD-100722,2025-02-24,Amir Farouk,SPT-001,Yoga Mat,Sports,169,4,676,delivered,
ORD-100646,2024-05-14,Mahmoud Habib,ELC-001,Wireless Mouse,Electronics,199,5,995,delivered,
ORD-100241,2025-09-22,Sara Ali,GRO-003,Olive Oil,Grocery,189,2,378,delivered,
ORD-100620,2024-10-14,Omar Habib,BTY-003,Facial Cleanser,Beauty,129,1,129,returned,Wrong item
ORD-100004,2024-11-30,Rana Ali,ELC-006,HD Webcam,Electronics,329,3,987,delivered,
ORD-100126,2025-06-23,Hassan Ibrahim,ELC-005,4K Monitor,Electronics,2499,2,4998,delivered,
ORD-100313,2024-10-15,Layla Mansour,FSH-005,Wool Scarf,Fashion,179,5,895,returned,Changed mind
ORD-100457,,Ahmed Sabry,ELC-008,Smart Watch,Electronics,1079,4,4316,returned,Not as described
ORD-100045,2024-11-28,Sara Habib,TOY-002,Plush Teddy Bear,Toys,129,1,129,delivered,
ORD-100655,2025-10-20,Youssef Nasser,BTY-002,Matte Lipstick,Beauty,89,3,267,returned,Not as described
ORD-100327,2024-12-10,Rana Adel,ELC-004,USB-C Charger,Electronics,149,2,298,delivered,
ORD-100075,2025-09-30,Sara Adel,GRO-004,Dark Chocolate,Grocery,69,5,345,delivered,
ORD-100230,2024-07-30,Mahmoud Farouk,HOM-003,Electric Kettle,Home & Kitchen,249,3,747,delivered,
ORD-100259,2024-08-26,Heba Saleh,HOM-001,Ceramic Mug Set,Home & Kitchen,159,1,159,cancelled,
ORD-100573,,Sara Farouk,GRO-003,Olive Oil,Grocery,170.1,2,340.2,delivered,
ORD-100347,2024-04-04,Khaled Hassan,ELC-005,4K Monitor,Electronics,2499,2,4998,delivered,
ORD-100279,2024-11-12,Rana Habib,SPT-002,Dumbbell Set,Sports,599,1,599,delivered,
ORD-100701,,Heba Farouk,GRO-002,Green Tea,Grocery,79,3,237,delivered,
ORD-100184,2024-05-09,,FSH-005,Wool Scarf,Fashion,179,2,358,delivered,
ORD-100661,2025-04-06,Nour Ibrahim,BTY-002,Matte Lipstick,Beauty,80.1,1,80.1,delivered,
ORD-100658,2025-06-27,Khaled Farouk,SPT-002,Dumbbell Set,Sports,599,1,599,delivered,
ORD-100249,2025-06-04,,TOY-002,Plush Teddy Bear,Toys,116.1,1,116.1,delivered,
ORD-100733,2024-11-08,Nour Mostafa,GRO-004,Dark Chocolate,Grocery,69,5,345,delivered,
ORD-100202,2025-11-13,Sara Sabry,BOK-001,The Everyday Cookbook,Books,149,1,149,delivered,
ORD-100353,2024-05-22,Lina Adel,SPT-001,Yoga Mat,Sports,169,1,169,delivered,
ORD-100729,2025-03-27,Layla Mansour,HOM-004,Knife Block Set,Home & Kitchen,459,1,459,delivered,
ORD-100137,2025-05-21,Omar Mostafa,GRO-004,Dark Chocolate,Grocery,62.1,4,248.4,delivered,
ORD-100691,2024-02-12,,SPT-004,Resistance Bands,Sports,139,1,139,delivered,
ORD-100470,2025-02-17,Youssef Adel,HOM-002,Stainless Steel Pan,Home & Kitchen,389,3,1167,delivered,
ORD-100665,2024-07-31,Rana Ali,FSH-004,Leather Wallet,Fashion,229,4,916,delivered,
ORD-100152,2024-05-27,Sami Habib,TOY-001,Building Blocks Set,Toys,219,4,876,delivered,
ORD-100267,2025-11-19,Mona Adel,SPT-001,Yoga Mat,Sports,169,1,169,delivered,
ORD-100584,2025-12-24,Heba Ali,FSH-006,Baseball Cap,Fashion,99,1,99,returned,Late delivery
ORD-100521,2024-10-03,Salma Mostafa,GRO-003,Olive Oil,Grocery,189,4,756,delivered,
ORD-100548,2024-07-16,,GRO-004,Dark Chocolate,Grocery,69,2,138,delivered,
ORD-100175,2024-03-13,Tarek Ibrahim,BOK-003,The Focus Method,Books,116.1,4,464.4,delivered,
ORD-100220,2025-05-31,Salma Mostafa,ELC-004,USB-C Charger,Electronics,149,5,745,cancelled,
ORD-100296,2024-12-05,Youssef Hassan,ELC-008,Smart Watch,Electronics,1199,1,1199,delivered,
ORD-100297,2025-01-02,Mahmoud Ibrahim,BTY-001,Vitamin C Serum,Beauty,189,3,567,returned,Unspecified
ORD-100044,2025-02-08,Rana Farouk,TOY-001,Building Blocks Set,Toys,219,1,219,delivered,
ORD-100581,2024-10-08,Yara Ibrahim,GRO-001,Organic Honey,Grocery,99,1,99,delivered,
ORD-100072,2025-10-02,Tarek Mansour,GRO-004,Dark Chocolate,Grocery,69,4,276,cancelled,
ORD-100507,2025-02-11,Mona Mansour,ELC-003,Bluetooth Headphones,Electronics,799,4,3196,delivered,
ORD-100594,2024-10-02,Youssef Saleh,FSH-003,Running Shoes,Fashion,629.1,1,629.1,delivered,
ORD-100140,2025-01-15,Lina Ibrahim,ELC-006,HD Webcam,Electronics,329,5,1645,returned,Wrong size
ORD-100377,2024-04-27,Khaled Habib,ELC-003,Bluetooth Headphones,Electronics,799,3,2397,delivered,
ORD-100483,2025-03-14,Omar Adel,GRO-002,Green Tea,Grocery,79,1,79,delivered,
ORD-100639,2025-09-10,Ahmed Nasser,BTY-003,Facial Cleanser,Beauty,129,4,516,returned,Wrong item
ORD-100487,2025-04-30,Ahmed Nasser,FSH-006,Baseball Cap,Fashion,99,2,198,cancelled,
ORD-100223,2025-05-29,Rana Farouk,ELC-006,HD Webcam,Electronics,329,3,987,returned,Wrong size
ORD-100599,2024-09-17,Omar Nasser,FSH-005,Wool Scarf,Fashion,179,5,895,delivered,
ORD-100505,2024-02-10,Omar Habib,ELC-002,Mechanical Keyboard,Electronics,549,1,549,delivered,
ORD-100130,2025-12-01,Nour Farouk,SPT-003,Water Bottle,Sports,109,3,327,delivered,
ORD-100067,2025-04-02,Mona Habib,BTY-003,Facial Cleanser,Beauty,129,3,387,delivered,
ORD-100430,2025-10-03,Nour Hassan,BTY-003,Facial Cleanser,Beauty,129,4,516,delivered,
