order_id,order_date,customer_name,product_sku,product_name,category,unit_price,quantity,total,status,return_reason
ORD-100394,2024/08/30,Amir Ali,TOY-003,  Remote Control Car ,Toys & Games,349.00,3,1047.00,Completed,
ORD-100316,2025-05-17,Amir Nasser,BTY-001,Vitamin C Serum,Cosmetics,,,,complete,Wrong item
ORD-100133,2025-07-04,Nour Sabry,HOM-006,glass storage jars,Kitchen,129,1,,Delivered,
ORD-100165,30/05/2024,SARA MANSOUR,HOM-002,Stainless Steel Pan,Kitchen,"389,00",3,,Completed,
ORD-100731,01/06/2024,Rana Hassan,FSH-002,denim jacket,Apparel,549.00 EGP,4,2196.00,delivered,
ORD-100008,2025-07-06,Sara Ibrahim,SPT-002,Dumbbell Set,Fitness,599.00 EGP,2,1198.00,complete,
ORD-100641,20/10/2024,Youssef Mostafa,BOK-001,  the everyday cookbook ,Book,149.00,2,298.00,Completed,
ORD-100195,2025-04-24,Nour Adel,ELC-002,Mechanical Keyboard,Electronics,,1,549.00,refunded,Wrong size
ORD-100524,2025/04/17, Khaled Nasser  ,ELC-004,USB-C Charger,ELEC,149.00,,,complete,Not as described
ORD-100324,2025-08-18,Mahmoud Sabry,HOM-005,Air Fryer,Kitchen,899,,,Delivered,
ORD-100708,2024-10-29,omar nasser,ELC-005,4K Monitor,Electronics,2499,2,,complete,
ORD-100337,"Jun 07, 2024",rana habib,SPT-003,water bottle,Sports & Fitness,109.00,5,545.00,RET,Changed mind
ORD-100354,"Jun 20, 2025",,FSH-001,COTTON  T-SHIRT,Apparel,119.00,4,476.00,Delivered,
ord-100374,"Apr 14, 2025",Hassan Zaki,ELC-001,Wireless Mouse,Electronic,99999,5,,Delivered,
ord-100677,2025/02/27, layla ali  ,GRO-003,Olive Oil,Food,189,4,,Returned,Wrong item
ord-100071,"Apr 02, 2025",mona ali,FSH-003,Running Shoes,fashion,"699,00",5,,Refunded,Defective
ORD-100346,2024/08/25, Nour Zaki  ,FSH-004,Leather Wallet,fashion,206,5,,Canceled,
ORD-100686,2024/10/10,MONA ADEL,,Running  Shoes,Clothing,EGP 699.00,5,3495.00,Returned,Wrong item
ORD-100328,2025/04/14,Dina Adel,HOM-005,air fryer,Kitchen,$899.00,4,3955.60,RET,Wrong size
ORD-100228,,yara ibrahim,ELC-006,  HD Webcam ,Electronics & Gadgets,329.00,3,987.00,Delivered,
ord-100024,20/04/2024, sami saleh  ,ELC-006,HD Webcam,Electronics,,1,,DELIVERED,
ORD-100062,17/04/2024,Salma Nasser,HOM-006,Glass Storage Jars,Home and Kitchen,116.10,4,,delivered,
ord-100219,05/10/2024,Yara Saleh,HOM-006,Glass Storage Jars,Home and Kitchen,116.10 EGP,3,,complete,
ORD-100358,2025-09-03,Nour Farouk,BTY-002,Matte Lipstick,Beauty,89,2,178.00,cancelled,
ORD-100718,2024-05-17, mona ibrahim  ,GRO-001,Organic Honey,Groceries,89.10,3,297.00,Completed,
ORD-100079,2024/08/31,Mahmoud Hassan,,4K  Monitor,Electronics,2499.00,4,,refunded,Wrong item
ord-100177,"Dec 19, 2024",Hassan Saleh,FSH-004,leather wallet,Fashion,206,1,229.00,Delivered,
ORD-100205,"Dec 28, 2024",Dina Saleh,HOM-001,ceramic mug set,Kitchen,159.00,5,,complete,
ord-100083,2024-02-09,Hassan Nasser,FSH-003,Running Shoes,fashion,,4,,Delivered,
ORD-100252,21/10/2024,Dina Hassan,SPT-001,Yoga Mat,Sports & Fitness,EGP 169.00,5,845.00,delivered,
ORD-100398,"Mar 31, 2025", rana ibrahim  ,HOM-003,ELECTRIC KETTLE,home & kitchen,"249,00",1,,Delivered,
ORD-100020,07/12/2024,Ahmed Farouk,ELC-005,4k monitor,Electronics,2499,1,2499.00,Completed,
ord-100554,"Aug 19, 2024",Yara Hassan,SPT-003,Water Bottle,Sports & Fitness,98.10,,,complete,
ORD-100250,"Mar 12, 2025",Ahmed Mansour,FSH-006,Baseball Cap,fashion,"99,00",2.0,,Delivered,
ORD-100225,"Jan 23, 2024",Sami Mostafa,FSH-001,Cotton T-Shirt,Fashion,107,1,,Completed,
ORD-100675,"Feb 20, 2024", HASSAN HASSAN  ,FSH-001,Cotton T-Shirt,Fashion,$107.10,2,238.00,Completed,
ORD-100166,2025/01/15,Mona Saleh,GRO-004,  Dark Chocolate ,Groceries,"69,00",4,276.00,complete,
ORD-100619,"Nov 24, 2025",Yara Saleh,BOK-001,THE EVERYDAY COOKBOOK,Book,134.10,2,,Delivered,
ORD-100060,25/08/2024,Heba Hassan,FSH-003,Running Shoes,fashion,699.00,5,,returned,Damaged
ORD-100322,2024/04/09,Salma Mansour,FSH-003,RUNNING  SHOES,Fashion,699.00 EGP,5,,complete,
ORD-100697,2024/02/18,Salma Farouk,GRO-004,Dark  Chocolate,Grocery,69.00,3,,DELIVERED,
ORD-100185,2025-11-27, Rana Farouk  ,HOM-006,Glass Storage Jars,Home and Kitchen,EGP 116.10,2,,DELIVERED,
ORD-100360,2025-02-16,Salma Saleh,ELC-006,HD Webcam,ELEC,296.10,3,,Completed,
ORD-100156,2024-05-26,Sami Mostafa,HOM-006,Glass Storage Jars,Kitchen,116.10,4,,DELIVERED,
ORD-100382,2024-12-11, sara ali  ,,Water Bottle,Sports,"109,00",1,,Completed,
ORD-100388,2025/10/10, Youssef Mostafa  ,GRO-001,  Organic Honey ,Groceries,EGP 99.00,4,396.00,Delivered,
ORD-100617,"May 17, 2024",Heba Nasser,TOY-001,BUILDING BLOCKS SET,Toys,219,4,,Completed,
ORD-100423,"Aug 12, 2025",Mahmoud Nasser,GRO-002,Green Tea,grocery,79.00,1,,Completed,
ORD-100263,"Aug 23, 2025", tarek zaki  ,ELC-005,4k  monitor,electronics,2499.00 EGP,2,4998.00,Completed,
ORD-100060,2024-02-11,Karim Ibrahim,SPT-001,  YOGA MAT ,Sports & Fitness,169,4,,delivered,
ORD-100495,14/06/2024,mahmoud hassan,BOK-001,THE EVERYDAY COOKBOOK,Book,149.00,3,,DELIVERED,Defective
ORD-100416,2025/11/28,LAYLA NASSER,ELC-003,bluetooth headphones,ELEC,799.00 EGP,1.0,799.00,Delivered,
ORD-100206,2025-02-06,Salma Farouk,HOM-003,Electric Kettle,Kitchen,EGP 249.00,3,821.70,complete,
ORD-100411,14/04/2024,Tarek Mansour,ELC-003,Bluetooth  Headphones,Electronics & Gadgets,799.00,5,3995.00,Delivered,
ORD-100018,12/05/2024,Salma Nasser,TOY-002,Plush  Teddy Bear,Toy,116,3,,Cancelled,
ORD-100034,2025-11-11,Tarek Saleh,BTY-002,matte lipstick,Beauty & Personal Care,89.00,2,,complete,
ORD-100093,2025/03/14,Sami Saleh,HOM-003,Electric Kettle,Kitchen,,3,,Delivered,
ORD-100684,30/04/2024,Sara Hassan,ELC-004,  USB C CHARGER ,electronics,EGP 149.00,4,,Delivered,
ORD-100280,23/01/2025,karim ibrahim,ELC-007,Power Bank 20000mAh,electronics,279.00 EGP,3,837.00,CANCEL,
ord-100635,2024-06-09, nour ali  ,SPT-001,Yoga Mat,Sports,169,,,delivered,
ORD-100099,05/07/2024,Omar Sabry,BTY-001,VITAMIN C SERUM,Beauty,189.00,2,378.00,delivered,
ORD-100550,27/12/2024, heba zaki  ,HOM-002,Stainless  Steel Pan,Kitchen,389.00,3,1167.00,complete,
ORD-100212,,Ahmed Ali,BTY-001,Vitamin C Serum,Beauty,189.00,1,,returned,Wrong size
ORD-100539,"Mar 28, 2025",Rana Habib,ELC-007,Power Bank 20000mAh,Electronics & Gadgets,EGP 279.00,3,,Completed,
ORD-100465,2024-02-26,Amir Sabry,FSH-002,Denim Jacket,Fashion,549,,,Completed,Defective
ORD-100135,21/07/2024, Amir Zaki  ,GRO-001,organic honey,Food,,3,,delivered,
ord-100503,2025/01/26,nour zaki,GRO-001,Organic Honey,Food,"99,00",5,495.00,complete,
ORD-100435,2024-05-25,Mahmoud Habib,BTY-002,matte lipstick,beauty,89.00,4,,Delivered,
ORD-100679,2025-05-28,,,Glass Storage Jars,home & kitchen,129,0,,cancelled,
ord-100011,,Rana Saleh,,OLIVE  OIL,grocery,170.10,1,,CANCEL,
ord-100300,2024-03-08,Yara Zaki,TOY-003,Remote Control Car,toys,EGP 349.00,1,,Delivered,
ORD-100643,2025-03-27,ahmed ali,GRO-001,Organic Honey,grocery,89.10,,,complete,
ORD-100216,"Dec 09, 2025", Karim Ibrahim  ,ELC-004,USB C Charger,Electronic,149,4.0,,returned,Not as described
ORD-100031,"Dec 27, 2025",Karim Habib,ELC-006,HD Webcam,Electronics & Gadgets,329,,,Completed,
ORD-100144,2025-09-19, HASSAN SALEH  ,SPT-001,yoga mat,Sports,169.00,4,676.00,returned,Defective
ORD-100373,"Apr 04, 2025",Ahmed Mansour,BOK-002,  Echoes of Tomorrow ,Books,119.00,,,refunded,Late delivery
ORD-100119,"Aug 15, 2024", Sami Ali  ,HOM-006,Glass Storage Jars,Kitchen,$116.10,5.0,645.00,DELIVERED,
ORD-100126,2025-10-29,yara zaki,SPT-002,Dumbbell Set,Fitness,599.00 EGP,5,,DELIVERED,
ord-100052,"Dec 28, 2024",omar ibrahim,,USB-C Charger,electronics,134.10,,,Delivered,
ORD-100143,2024/05/02,dina hassan,FSH-006,Baseball  Cap,Fashion,EGP 99.00,1,,delivered,
ORD-100687,15/08/2025, Tarek Mansour  ,FSH-001,  Cotton Tshirt ,fashion,119.00,5,,complete,
ORD-100451,"Aug 29, 2025",youssef ibrahim,,BASEBALL CAP,Apparel,99.00,1,,complete,
ORD-100355,2025-01-29,Lina Sabry,GRO-001,Organic Honey,grocery,99.00,1.0,,Completed,
,"Jan 24, 2025",Tarek Nasser,,,Kitchen,$413.10,1,,DELIVERED,
ord-100554,"Feb 11, 2024",Amir Mansour,,USB-C Charger,Electronics,149,4,596.00,Cancelled,
ORD-100212,2024-06-09,Layla Ali,ELC-008,SMART WATCH,ELEC,1199.00,0,,delivered,
ORD-100715,2024-01-04,Salma Ibrahim,GRO-002,green tea,Food,-50,4,,Delivered,
ORD-100381,2025-09-22,Hassan Saleh,GRO-002,GREEN TEA,Grocery,,4,316.00,Completed,
ord-100741,,Rana Hassan,,,ELEC,,1,,DELIVERED,
ORD-100437,24/07/2024,Omar Ali,FSH-003,running  shoes,Clothing,EGP 699.00,3,,DELIVERED,
ORD-100654,2024-03-15,Dina Zaki,FSH-001,COTTON T-SHIRT,Clothing,107.10,1,119.00,Refunded,Wrong item
ord-100693,"Dec 05, 2024",ahmed hassan,BOK-001,The Everyday Cookbook,Book,149,3,,Cancelled,
ORD-100273,30/10/2024,YOUSSEF ADEL,GRO-003,olive oil,grocery,189.00,2,378.00,Refunded,
ord-100038,2024-07-01,Yara Habib,ELC-003,  BLUETOOTH HEAD PHONES ,ELEC,$799.00,3,,DELIVERED,
ORD-100499,"Apr 27, 2025",mahmoud zaki,BTY-004,hair dryer,Beauty & Personal Care,$359.10,3,1197.00,Completed,
ORD-100560,2025/10/14,Tarek Farouk,FSH-003,running shoes,Clothing,699.00,5,3495.00,delivered,
ORD-100581,07/11/2025,Sami Zaki,ELC-002,Mechanical  Keyboard,Electronics & Gadgets,EGP 549.00,-1,,CANCEL,
ORD-100013,2025/08/27, Karim Ali  ,HOM-004,knife block set,Home and Kitchen,459.00,5,2295.00,delivered,
ORD-100154,2024-10-09,Omar Adel,SPT-004,Resistance Bands,Sports,139,5,695.00,complete,
ORD-100185,"Jul 31, 2025",AHMED ZAKI,TOY-001,BUILDING BLOCKS SET,Toys & Games,EGP 219.00,5,,delivered,
ORD-100233,"Nov 26, 2024",salma ibrahim,ELC-003,  bluetooth headphones ,Electronic,,2,,delivered,
ORD-100091,2025-01-21,Amir Sabry,FSH-002,denim jacket,fashion,549,1,,delivered,
ORD-100366,22/03/2024,Sara Zaki,GRO-001,Organic Honey,Groceries,99.00,4,396.00,DELIVERED,
ORD-100158,2024-08-01,Heba Mostafa,ELC-004,usb-c charger,Electronics & Gadgets,149,4,,Delivered,Wrong size
ORD-100543,02/09/2024,MONA ADEL,BTY-003,Facial Cleanser,Cosmetics,129,,,delivered,
ORD-100689,2024/06/02, Layla Mansour  ,BTY-001,Vitamin C Serum,beauty,189,1,207.90,Completed,
ORD-100096,2025/05/29,Dina Zaki,FSH-002,DENIM JACKET,Fashion,,2,,delivered,
ORD-100211,,Omar Adel,HOM-003,electric kettle,home & kitchen,EGP 224.10,1,,delivered,
ord-100453,"Apr 06, 2025",Khaled Zaki,SPT-001,YOGA MAT,Sports & Fitness,169,4,,Completed,
ORD-100138,16/02/2025,Amir Nasser,BOK-002,Echoes of Tomorrow,books,"107,10",3,,DELIVERED,
ORD-100611,,amir nasser,,Facial Cleanser,beauty,EGP 129.00,3.0,,complete,
ord-100100,23/04/2025,Sara Saleh,ELC-005,4K MONITOR,ELEC,EGP 2249.10,2,4998.00,delivered,
ORD-100623,,Omar Mostafa,TOY-001,Building Blocks Set,toys,"219,00",1,,delivered,
ord-100375,,dina ali,HOM-004,Knife Block Set,home & kitchen,,5,,cancelled,
ORD-100380,2024-09-13, Dina Habib  ,HOM-004,knife block set,Home and Kitchen,459.00,1,,Delivered,
ord-100162,2025-12-03,Mona Mansour,BOK-002,echoes  of tomorrow,books,EGP 119.00,1,,Delivered,
ORD-100183,"May 29, 2024",Salma Ibrahim,BTY-001,Vitamin  C Serum,Beauty,189,2,378.00,complete,
ORD-100504,"Apr 30, 2025",Rana Zaki,BTY-004,  Hair Dryer ,Beauty,399.00,2,,Delivered,
ORD-100298,2025-12-28, Ahmed Mansour  ,BTY-003,FACIAL CLEANSER,Cosmetics,0,3,387.00,delivered,
ORD-100122,04/08/2025,Rana Habib,SPT-002,Dumbbell Set,Sports,"599,00",3,,Delivered,
ORD-100307,2025-07-05,Layla Sabry,BOK-002,echoes of tomorrow,Book,119,2,238.00,Completed,
ORD-100134,2025-07-18,Ahmed Zaki,FSH-001,  cotton t shirt ,Apparel,119,3,,delivered,
ORD-100285,2024-02-23,Omar Mostafa,SPT-002,Dumbbell Set,Sports,599.00 EGP,1,,delivered,
ORD-100142,"Jan 16, 2024",karim ibrahim,BOK-003,the focus method,books,"129,00",2,,returned,Wrong size
ORD-100648,15/03/2024,Nour Zaki,ELC-005,4K  Monitor,ELEC,EGP 2499.00,0,,Completed,
ORD-100041,,Khaled Mansour,BTY-004,  Hair Dryer ,Beauty & Personal Care,399,1,399.00,DELIVERED,
ord-100105,2024-11-29,Omar Sabry,ELC-002,  mechanical  keyboard ,Electronics & Gadgets,549.00,5,2745.00,complete,
ord-100107,"Apr 10, 2025",Dina Ali,BOK-001,The Everyday Cookbook,Book,149,4,655.60,Returned,Not as described
ORD-100420,2024-11-23,Nour Mansour,BTY-004,Hair Dryer,Cosmetics,EGP 399.00,2.0,877.80,complete,
ORD-100564,28/07/2024,Sami Mostafa,BTY-002,matte lipstick,Beauty,EGP 80.10,4,,delivered,
ORD-100127,,TAREK ADEL,FSH-003,RUNNING SHOES,Clothing,699.00,5,3844.50,DELIVERED,
ORD-100268,"Aug 17, 2025",Mona Adel,ELC-007,Power Bank 20000mAh,Electronics & Gadgets,279.00 EGP,5,,delivered,
ord-100002,2024/05/04, Lina Adel  ,HOM-004,Knife Block Set,Home & Kitchen,,,,complete,
ORD-100356,2024-10-27, Heba Ali  ,HOM-001,Ceramic Mug Set,Home & Kitchen,159.00 EGP,-1,,Refunded,Changed mind
ord-100447,2024-03-26,Mona Adel,SPT-003,Water  Bottle,Sports & Fitness,,2,218.00,DELIVERED,
ord-100695,2024-03-12,,FSH-002,Denim Jacket,Fashion,549,5,,Completed,
ORD-100385,2024-04-11, Omar Mostafa  ,HOM-003,electric kettle,HOME&KITCHEN,224.10,4,,Completed,
ORD-100070,11/05/2024,Mona Ibrahim,,Green Tea,Food,79.00,2,158.00,Completed,
ORD-100349,2024-03-13,Ahmed Ali,FSH-004,leather wallet,Apparel,229.00 EGP,3,755.70,DELIVERED,
ORD-100663,2025/07/23,tarek saleh,SPT-004,  Resistance Bands ,sports,139,5,695.00,complete,
ord-100117,"Jul 12, 2025",Sami Hassan,HOM-003,  ELECTRIC KETTLE ,Home and Kitchen,"249,00",4,996.00,DELIVERED,
ORD-100288,"Oct 10, 2024",Sara Mostafa,TOY-002,Plush Teddy Bear,Toys,EGP 129.00,1,,delivered,
ORD-100478,2025-07-11,Yara Sabry,ELC-007,Power Bank 20000 mAh,Electronics,"279,00",,,Returned,Damaged
ORD-100514,2024-01-10,SAMI ALI,ELC-001,wireless mouse,Electronic,199,5,,DELIVERED,
ORD-100146,2025/07/03,Hassan Nasser,ELC-008,SMART WATCH,ELEC,1199.00,4,4796.00,DELIVERED,
ORD-100094,,KHALED SABRY,,water bottle,Sports,109,3,327.00,complete,
ORD-100331,2025-06-20,Salma Saleh,ELC-003,bluetooth head phones,ELEC,"799,00",2,,Refunded,Damaged
ORD-100214,18/02/2024,Khaled Mansour,HOM-002,  Stainless Steel Pan ,Kitchen,389.00,4,1556.00,DELIVERED,
ORD-100610,2024-07-11,Youssef Nasser,FSH-005,wool scarf,fashion,179,2,358.00,complete,
ORD-100436,2025-06-27,Mahmoud Mostafa,SPT-002,Dumbbell  Set,Sports & Fitness,599,4.0,2396.00,Delivered,
ord-100323,30/06/2024,Karim Ali,,The  Everyday Cookbook,books,149.00,1,149.00,DELIVERED,
ord-100397,2025/09/24,layla nasser,BOK-002,echoes of tomorrow,books,107,5,595.00,RET,Defective
ORD-100055,2024-12-02,Layla Mansour,GRO-004,  Dark Chocolate ,Food,,3,,Delivered,
ord-100624,03/09/2025,,,dumbbell set,Sports & Fitness,EGP 599.00,3,1797.00,Delivered,
ORD-100025,26/01/2025,Ahmed Farouk,FSH-004,  Leather Wallet ,Fashion,229,1,,DELIVERED,
ORD-100585,11/05/2024, Mona Mansour  ,ELC-006,HD Webcam,Electronic,329.00 EGP,3,987.00,complete,
ORD-100574,05/03/2024,Rana Nasser,FSH-006,Baseball Cap,Clothing,,1,,Cancelled,
ORD-100414,2025/01/19,,BOK-002,ECHOES OF TOMORROW,books,119,,,Delivered,
ORD-100155,"Sep 12, 2024",,SPT-003,Water  Bottle,Sports,,5,,Delivered,
ORD-100227,2025-03-02,Dina Mostafa,SPT-001,Yoga Mat,sports,169.00,2,338.00,complete,
ord-100397,2025-08-12,TAREK HASSAN,TOY-001,Building Blocks Set,Toy,EGP 219.00,1,219.00,DELIVERED,
ORD-100464,2025-04-25,Mahmoud Mansour,FSH-003,Running Shoes,Fashion,699.00,4,,Refunded,
ORD-100398,,Tarek Ali,ELC-002,  Mechanical Keyboard ,ELEC,"549,00",4,2196.00,complete,
ORD-100473,12/05/2025,Khaled Mansour,TOY-001,Building Blocks Set,Toys,,2,,returned,Not as described
ORD-100715,29/10/2025,Yara Farouk,HOM-006,Glass Storage Jars,home & kitchen,129.00,5,645.00,Completed,
ORD-100251,15/02/2024,dina hassan,BOK-001,The Everyday Cookbook,books,"149,00",1,,Completed,
ORD-100291,2024/03/21, Ahmed Mansour  ,BTY-003,Facial Cleanser,Beauty,129.00,4,,Delivered,
ORD-100673,26/05/2025,Amir Mansour,FSH-004,Leather Wallet,Clothing,"229,00",4,,delivered,
ORD-100603,2024-08-03, Nour Ibrahim  ,,Vitamin C Serum,Beauty & Personal Care,EGP 189.00,3,567.00,Refunded,Wrong item
ORD-100587,2024-02-06, rana ali  ,,Cotton Tshirt,Clothing,$119.00,,,DELIVERED,
ORD-100542,2024-04-29,KHALED MANSOUR,HOM-005,Air Fryer,HOME&KITCHEN,899.00,1,,Delivered,
ORD-100379,2024/11/12,rana ibrahim,HOM-004,knife block set,HOME&KITCHEN,"459,00",2,918.00,delivered,
ord-100732,2025/02/23,Rana Farouk,BTY-004,Hair Dryer,Cosmetics,399.00,4,1596.00,Canceled,
ORD-100220,2025-03-13,Sara Farouk,GRO-002,  green tea ,Groceries,"79,00",3,,complete,
ORD-100737,19/02/2024,mona ali,,,,149.00,1,,delivered,
ord-100443,2025-04-19,Ahmed Nasser,SPT-002,Dumbbell Set,sports,599.00 EGP,4,,Delivered,
ord-100418,"Apr 12, 2025",Amir Ibrahim,HOM-001,CERAMIC MUG SET,HOME&KITCHEN,159.00 EGP,4,636.00,complete,
ORD-100163,2024-09-25,Ahmed Ibrahim,HOM-003,electric kettle,home & kitchen,249,3,,complete,
ORD-100261,2025-10-10,Tarek Ali,HOM-006,Glass Storage Jars,Home and Kitchen,EGP 129.00,,,delivered,
ORD-100047,2024-08-07,Mona Farouk,FSH-004,leather wallet,Clothing,EGP 229.00,4,,complete,
ord-100633,2024-07-20,Sami Habib,SPT-002,DUMBBELL SET,Sports & Fitness,EGP 599.00,2,1198.00,Delivered,Defective
ORD-100049,23/06/2025,Khaled Mansour,GRO-002,Green Tea,Groceries,79,3,,DELIVERED,
ORD-100201,2024-04-19,Mona Mostafa,SPT-001,YOGA MAT,Sports,152.10 EGP,5,,DELIVERED,
ORD-100577,2025/04/17, Lina Ali  ,,yoga mat,Sports & Fitness,169.00,5.0,845.00,Completed,
ORD-100275,2024/08/31,,GRO-001,Organic Honey,Grocery,99.00,4,,delivered,
ord-100528,18/04/2024,Hassan Sabry,ELC-002,MECHANICAL  KEYBOARD,electronics,549,2,,Refunded,Damaged
ORD-100122,04/08/2025,Rana Habib,SPT-002,Dumbbell  Set,Sports,"599,00",3,,Delivered,
ORD-100017,09/01/2024,Karim Habib,TOY-002,Plush  Teddy Bear,toys,129.00,4.0,,delivered,
ORD-100101,2025-07-14,nour habib,BTY-003,Facial Cleanser,beauty,129,2.0,283.80,DELIVERED,
ord-100448,2025/08/16,Salma Mostafa,GRO-003,olive oil,Grocery,189.00,1,,Canceled,
ORD-100218,04/07/2024,Khaled Habib,BOK-003,The Focus Method,Book,129.00,2,258.00,complete,
ORD-100666,"Sep 25, 2024",Sami Habib,SPT-003,  water bottle ,Fitness,109.00,1,109.00,RET,Damaged
ORD-100387,"Jul 18, 2025", OMAR ADEL  ,FSH-004,LEATHER WALLET,Fashion,"229,00",5,1145.00,delivered,
ord-100578,"Mar 27, 2024",,GRO-003,Olive Oil,Groceries,170,5,,DELIVERED,
ORD-100364,2025-10-18,,HOM-004,KNIFE BLOCK SET,HOME&KITCHEN,"459,00",3,,delivered,
ORD-100173,2024/05/13,salma hassan,ELC-006,HD WEBCAM,electronics,329.00,5,,Delivered,
ORD-100305,17/07/2025,Hassan Hassan,BOK-003,THE FOCUS METHOD,Books,EGP 129.00,3,,DELIVERED,
ORD-100608,2024-03-26,Sara Ali,HOM-005,Air Fryer,Home & Kitchen,,2.0,1798.00,delivered,
ORD-100637,2024/05/03,ahmed zaki,,USB-C Charger,Electronic,134,1,149.00,complete,
ORD-100471,2025/09/11,Mahmoud Mostafa,HOM-002,STAINLESS STEEL PAN,Home & Kitchen,389.00,5,2139.50,delivered,
ORD-100344,"Jul 20, 2024",Rana Ibrahim,TOY-001,Building  Blocks Set,Toy,EGP 219.00,5,1095.00,returned,Wrong item
ORD-100070,2024/02/29, Khaled Zaki  ,SPT-004,Resistance Bands,Fitness,0,,,Completed,
ord-100447,"Aug 11, 2025",,,BASEBALL CAP,Apparel,89.10,2,,DELIVERED,
ORD-100467,2025-08-31,omar nasser,BOK-002,Echoes of Tomorrow,Books,107.10,1,,Completed,
ORD-100419,25/01/2025,KARIM NASSER,HOM-003,ELECTRIC KETTLE,Kitchen,249,5,1245.00,DELIVERED,
ORD-100341,2024-08-12,Salma Saleh,ELC-008,SMART WATCH,ELEC,1199.00 EGP,4,,returned,Damaged
ORD-100407,,youssef adel,ELC-002,mechanical  keyboard,electronics,"549,00",5,,complete,
ORD-100434,2024-08-12, Hassan Ibrahim  ,ELC-003,Bluetooth Headphones,electronics,799.00,5,,cancelled,
ORD-100268,2024/06/27,mahmoud adel,FSH-005,Wool Scarf,Apparel,$179.00,2,,Delivered,
ord-100496,31/07/2025,Yara Zaki,ELC-008,Smart Watch,electronics,EGP 1199.00,2,,Completed,
ORD-100476,"Jul 24, 2025",Salma Adel,ELC-002,Mechanical Keyboard,Electronics,EGP 549.00,4,,DELIVERED,
ord-100030,22/08/2024,Mahmoud Saleh,BTY-004,HAIR DRYER,beauty,EGP 399.00,4,,Refunded,
ORD-100382,"Aug 09, 2025",Lina Sabry,BTY-002,Matte Lipstick,Beauty & Personal Care,EGP 89.00,0,,complete,
ord-100726,2025/08/21,rana saleh,SPT-003,Water  Bottle,sports,EGP 109.00,3,359.70,DELIVERED,
ord-100048,2025/07/06, LAYLA HASSAN  ,FSH-006,baseball  cap,fashion,99,1,,DELIVERED,
ORD-100352,2025/05/07, Nour Zaki  ,,The  Focus Method,Books,EGP 129.00,1,129.00,returned,Not as described
ord-100535,2024-09-03,nour farouk,ELC-003,bluetooth headphones,Electronics,799.00,1,799.00,Delivered,
ORD-100372,2024-07-21,Sara Zaki,TOY-003,Remote Control Car,Toys,349.00,1,,DELIVERED,
ORD-100255,2025/04/05,Lina Adel,HOM-001,  Ceramic Mug Set ,Home and Kitchen,"159,00",5,795.00,Delivered,
ORD-100064,2024-08-31,Dina Ibrahim,BTY-001,VITAMIN C SERUM,Beauty & Personal Care,EGP 189.00,5,,refunded,Changed mind
ORD-100280,2025-04-01,Dina Farouk,FSH-001,Cotton  Tshirt,fashion,EGP 119.00,1,119.00,delivered,
ord-100001,2024-07-18,,BTY-003,Facial  Cleanser,beauty,129.00,5,645.00,Completed,
ORD-100085,24/08/2024,Sami Saleh,GRO-004,Dark Chocolate,Food,EGP 69.00,,,Delivered,
ORD-100180,,amir mostafa,BOK-003,The Focus Method,Books,129,1,,Completed,
ord-100299,05/06/2024,omar habib,,Remote  Control Car,Toy,349,3,1047.00,returned,
ORD-100541,31/01/2024, youssef sabry  ,FSH-004,leather wallet,Fashion,206,1,,RET,Wrong size
ORD-100336,2024-11-27,nour mansour,SPT-004,  Resistance Bands ,Sports & Fitness,125,5,,Delivered,
ORD-100436,05/04/2025,Mahmoud Habib,GRO-002,Green Tea,Groceries,"79,00",3,237.00,Delivered,
ord-100124,2025-11-16,Layla Nasser,BTY-004,Hair  Dryer,beauty,,2,,Returned,Wrong item
ORD-100106,"Sep 07, 2025",dina hassan,SPT-003,Water Bottle,sports,109.00,1,109.00,Completed,
ord-100383,2025/03/04,Omar Sabry,ELC-006,hd webcam,electronics,,3,987.00,Delivered,
ORD-100212,2024-06-09,Layla Ali,ELC-008,Smart Watch,ELEC,1199.00,0,,delivered,
ord-100529,2025-12-29,Khaled Sabry,BOK-002,echoes of tomorrow,Books,119.00,2,,Delivered,
ORD-100404,2024-07-19,KHALED FAROUK,FSH-006,Baseball Cap,fashion,89.10 EGP,2,198.00,DELIVERED,
ORD-100442,07/10/2025,khaled saleh,FSH-005,wool  scarf,Clothing,179.00,,,returned,Wrong size
ORD-100190,2024-07-01,Mahmoud Farouk,BTY-004,Hair Dryer,Beauty & Personal Care,EGP 399.00,2,798.00,delivered,
ORD-100497,2025/11/09,ahmed zaki,SPT-001,YOGA MAT,Fitness,169,4,,Delivered,
ORD-100632,2025-03-16,Tarek Hassan,HOM-005,air fryer,HOME&KITCHEN,809.10,4,,DELIVERED,
ORD-100682,2025-11-19,,SPT-001,Yoga Mat,Sports & Fitness,0,2,338.00,refunded,Defective
ORD-100108,2025-05-18,mahmoud ibrahim,BOK-002,Echoes of Tomorrow,Book,107,5,,Delivered,
ORD-100719,20/12/2025,Nour Nasser,FSH-002,denim jacket,Clothing,549.00,4.0,,DELIVERED,
ORD-100556,2025-05-14,Mona Ali,TOY-003,Remote Control Car,Toys,,1,349.00,complete,
ORD-100711,2024-11-23,Hassan Mansour,FSH-003,running shoes,Clothing,629.10,1,699.00,complete,
ORD-100195,"Feb 08, 2024", Salma Mansour  ,GRO-003,  Olive  Oil ,Grocery,,1,189.00,Returned,Wrong size
ORD-100688,2025-09-25,HASSAN FAROUK,FSH-002,Denim Jacket,Clothing,EGP 549.00,1,549.00,delivered,
ORD-100420,21/09/2025,KHALED MOSTAFA,HOM-003,  Electric Kettle ,Home & Kitchen,224,,,CANCEL,
ORD-100232,23/03/2025, Salma Farouk  ,SPT-003,Water Bottle,Fitness,109,4,436.00,refunded,Not as described
ORD-100021,"May 08, 2025",Sami Farouk,ELC-008,smart watch,Electronics & Gadgets,1079.10,2,2398.00,Cancelled,
ord-100187,16/04/2025,Tarek Hassan,FSH-003,running shoes,Apparel,EGP 699.00,4,,DELIVERED,
ORD-100604,"Dec 14, 2024",LINA MOSTAFA,FSH-004,Leather Wallet,Apparel,EGP 206.10,4,916.00,Completed,
ORD-100073,"Dec 30, 2025", amir mostafa  ,,Power Bank 20000 mAh,ELEC,$279.00,3,,Delivered,
ORD-100189,12/02/2025,Omar Saleh,TOY-002,plush teddy bear,Toys & Games,EGP 129.00,3,,Delivered,
ORD-100278,2025-12-05,Tarek Nasser,SPT-004,Resistance Bands,Sports,139.00,1,,Completed,
ORD-100541,06/07/2024,Sami Mansour,SPT-004,Resistance Bands,Sports & Fitness,139,5,,complete,
ORD-100337,2025-01-19,Ahmed Ali,SPT-001,Yoga Mat,Sports,152.10,,,delivered,
ORD-100366,22/03/2024,Sara Zaki,GRO-001,Organic Honey,Groceries,99.00,4,396.00,DELIVERED,
ORD-100506,"Nov 20, 2025",salma saleh,BOK-001,  The Everyday Cookbook ,books,149.00,1,149.00,Returned,
ORD-100716,02/10/2025, TAREK SALEH  ,TOY-002,Plush  Teddy Bear,Toy,129.00 EGP,,,DELIVERED,
ORD-100628,2024-01-19,Dina Farouk,SPT-004,resistance bands,Fitness,EGP 139.00,1,139.00,Canceled,
ORD-100745,2024-01-05,Sami Ali,,,,129.00,3,,delivered,
ORD-100205,2025-07-12,Mahmoud Zaki,BTY-003,facial  cleanser,Beauty,129.00,5,645.00,cancelled,
ORD-100607,2024-01-23,Yara Adel,TOY-003,remote  control car,Toys & Games,0,3,1047.00,Delivered,
ORD-100469,"Aug 28, 2025",Omar Mansour,FSH-001,  Cotton T-Shirt ,Apparel,107.10,2,238.00,DELIVERED,
ORD-100020,07/12/2024,Ahmed Farouk,ELC-005,4k Monitor,Electronics,2499,1,2499.00,Completed,
ORD-100129,23/07/2024, Heba Habib  ,ELC-003,BLUETOOTH HEADPHONES,Electronic,799.00,5,,returned,Not as described
ORD-100510,05/09/2024,lina sabry,GRO-003,Olive Oil,Groceries,189,3.0,,CANCEL,
ORD-100371,01/01/2025,rana saleh,BOK-003,  the focus method ,books,EGP 129.00,4.0,,DELIVERED,
ord-100067,"Feb 17, 2024",Youssef Mostafa,SPT-002,DUMBBELL SET,Fitness,EGP 599.00,2,1198.00,Delivered,
ORD-100060,2025-09-12, amir saleh  ,HOM-002,stainless steel pan,home & kitchen,,2,778.00,DELIVERED,
ORD-100170,13/08/2024,,GRO-003,Olive Oil,Groceries,189,5,,complete,
ORD-100163,2024-09-25,Ahmed Ibrahim,HOM-003,electric kettle,home & kitchen,249,3,,complete,
ORD-100410,2025/10/09,Nour Ali,FSH-001,Cotton Tshirt,Clothing,119.00 EGP,3,357.00,RET,Damaged
ORD-100333,,Nour Nasser,BOK-003,The Focus Method,books,$129.00,2,,complete,
ORD-100286,2025-03-07,Sami Zaki,ELC-001,Wireless  Mouse,Electronics & Gadgets,179,2,398.00,Completed,
ord-100254,2024/01/18,Nour Hassan,HOM-005,Air Fryer,Home and Kitchen,EGP 809.10,2,,Completed,
ord-100624,2024-07-04,Sara Sabry,HOM-001,Ceramic Mug Set,Home and Kitchen,143.10,3,477.00,Completed,
ORD-100251,2025/08/04,Rana Ibrahim,FSH-001,COTTON TSHIRT,Clothing,EGP 119.00,4,,delivered,
ord-100660,08/04/2025,heba mostafa,HOM-004,KNIFE BLOCK SET,Kitchen,459,2,918.00,returned,Damaged
ORD-100717,"Nov 12, 2025",Tarek Mansour,HOM-001,Ceramic Mug Set,Home & Kitchen,159,1,159.00,complete,
ORD-100427,2025-08-15,Khaled Nasser,ELC-007,Power Bank 20000mAh,Electronics & Gadgets,,-1,,Delivered,
ORD-100676,"Apr 22, 2024",Heba Saleh,HOM-001,  CERAMIC MUG SET ,Home and Kitchen,159,3,,Delivered,
ORD-100131,2024-05-04,Khaled Hassan,BOK-002,Echoes  of Tomorrow,Book,119.00,2,238.00,complete,
ord-100616,2025-10-20,Tarek Nasser,HOM-005,  Air Fryer ,HOME&KITCHEN,899.00,4,3596.00,RET,Not as described
ORD-100680,2025-10-25,Mahmoud Habib,TOY-001,building blocks set,Toys,219.00,5,,delivered,
ORD-100346,2024-06-03,sami ibrahim,HOM-004,Knife Block Set,HOME&KITCHEN,"459,00",4,1836.00,Completed,
ORD-100090,,Omar Farouk,FSH-006,  Baseball Cap ,Clothing,99,5,495.00,DELIVERED,
ORD-100613,2024-05-28,Mahmoud Mostafa,ELC-001,WIRELESS MOUSE,ELEC,EGP 199.00,1,,complete,
ORD-100378,2024-10-10,Khaled Saleh,BOK-001,  the everyday cookbook ,books,149.00,2,298.00,cancelled,
ORD-100484,2025/04/12, Sami Farouk  ,GRO-004,dark  chocolate,Groceries,$62.10,2,,complete,
ORD-100733,2024/10/26,Tarek Farouk,GRO-002,Green Tea,Grocery,79.00 EGP,2,158.00,DELIVERED,
ORD-100007,2025-11-01,Ahmed Adel,HOM-002,  STAINLESS STEEL PAN ,home & kitchen,0,,,returned,Not as described
ORD-100114,2024-10-25, salma ibrahim  ,ELC-006,HD Webcam,electronics,,3,987.00,complete,
ORD-100410,"Aug 04, 2025",,BTY-002,  matte lipstick ,Beauty & Personal Care,89,-1,,complete,
ORD-100238,"Feb 10, 2024",Karim Habib,SPT-004,resistance  bands,sports,125.10,2,,Completed,
ORD-100245,"Apr 17, 2024",Tarek Ali,ELC-003,Bluetooth Head Phones,Electronic,799.00,5,3995.00,delivered,
,2024/07/23,Nour Mansour,,,home & kitchen,EGP 389.00,5,,complete,
ORD-100361,2024/04/02,Sami Nasser,BOK-001,the everyday cookbook,books,149,2,,RET,Wrong item
ord-100098,2025-07-27,Nour Ibrahim,SPT-004,  Resistance Bands ,Sports,139.00,3,,DELIVERED,
ORD-100685,15/05/2024,Nour Habib,BOK-002,Echoes of Tomorrow,Book,119.00,5,595.00,delivered,
ord-100486,2024-11-13,Omar Saleh,HOM-003,Electric  Kettle,Home and Kitchen,249,5,1245.00,Refunded,
ord-100159,2024/08/30,Khaled Zaki,ELC-002,Mechanical Keyboard,ELEC,549,2,,Completed,
ORD-100288,2024-02-13,Lina Habib,FSH-006,Baseball Cap,Fashion,99.00,5,,Completed,
ORD-100103,,Layla Nasser,FSH-001,Cotton T Shirt,Fashion,107.10,1,119.00,Cancelled,Wrong size
ORD-100115,2025/11/30, Ahmed Nasser  ,GRO-004,Dark Chocolate,grocery,69,3,,Canceled,
ORD-100536,"Nov 21, 2025",Yara Mansour,ELC-006,HD Webcam,Electronic,296,-1,,DELIVERED,
ORD-100112,,mahmoud mostafa,BTY-004,  hair dryer ,beauty,EGP 399.00,1,399.00,Completed,
ORD-100638,09/05/2025,Sami Saleh,GRO-003,OLIVE OIL,Grocery,189,5,945.00,Completed,
ORD-100543,"Jan 03, 2024",RANA ZAKI,HOM-001,  ceramic mug set ,Kitchen,159,2,,Completed,
ord-100568,2025-09-03,Ahmed Mostafa,GRO-003,Olive  Oil,Groceries,189.00,3,567.00,complete,
ORD-100167,2024-09-18,Lina Mansour,HOM-004,  Knife Block Set ,Home & Kitchen,413.10,4,1836.00,delivered,
ORD-100556,10/02/2024,nour sabry,HOM-002,STAINLESS  STEEL PAN,Home & Kitchen,389.00 EGP,1,389.00,complete,
ORD-100495,03/03/2024, Rana Sabry  ,FSH-002,denim jacket,fashion,494.10 EGP,3,1811.70,delivered,
ORD-100540,2024-10-23,Nour Mostafa,BTY-003,facial cleanser,beauty,116.10 EGP,4,567.60,DELIVERED,
ORD-100701,"Dec 22, 2025",Youssef Nasser,,knife block set,Kitchen,413.10 EGP,4,1836.00,Completed,
ord-100528,18/04/2024,Hassan Sabry,ELC-002,  Mechanical Keyboard ,electronics,549,2,,Refunded,Damaged
ORD-100261,"Dec 16, 2025",Khaled Nasser,TOY-001,  Building  Blocks Set ,toys,EGP 219.00,2,438.00,delivered,
ORD-100649,10/02/2024,amir ali,TOY-003,REMOTE CONTROL CAR,Toys,349,3,,complete,
ord-100391,2025-06-20,Youssef Habib,,vitamin c serum,Beauty & Personal Care,"189,00",1,189.00,Refunded,Not as described
ORD-100389,2024-09-24,khaled saleh,ELC-003,BLUETOOTH HEADPHONES,electronics,799.00,5,4394.50,delivered,
ORD-100179,,Ahmed Zaki,HOM-001,  ceramic mug set ,home & kitchen,"159,00",3,477.00,Delivered,
ORD-100580,25/12/2025,Layla Zaki,BOK-003,The Focus Method,Book,129,2,,Refunded,Wrong item
ORD-100555,"Jan 19, 2025",heba mansour,FSH-004,leather wallet,Clothing,229.00 EGP,1.0,229.00,RET,
ORD-100721,"Jan 27, 2025",lina ibrahim,ELC-003,  Bluetooth  Head Phones ,Electronics,-50,1,878.90,Delivered,
ORD-100018,12/05/2024,Salma Nasser,TOY-002,Plush  Teddy Bear,Toy,116,3,,Cancelled,
ORD-100077,,Sara Sabry,TOY-002,Plush Teddy Bear,Toys,,3,425.70,delivered,
ord-100260,"Jul 14, 2025",YARA SABRY,GRO-004,  Dark Chocolate ,Food,69.00,2,,complete,
ORD-100089,2024-03-20,Hassan Zaki,,Knife Block Set,Home and Kitchen,EGP 459.00,,,complete,
ord-100664,2024/09/03,Nour Sabry,BTY-003,Facial Cleanser,Beauty & Personal Care,116.10,4,516.00,Cancelled,
ORD-100345,2025-05-21, Dina Mansour  ,FSH-004,Leather Wallet,Fashion,EGP 206.10,4,916.00,delivered,
ORD-100369,"Aug 13, 2025",Salma Mostafa,HOM-003,  Electric Kettle ,Home and Kitchen,249.00,1,249.00,Completed,
ORD-100403,"Nov 10, 2025",Ahmed Saleh,FSH-002,Denim Jacket,fashion,549,2,1098.00,CANCEL,
ORD-100739,,LINA ALI,,   ,,899,1,,DELIVERED,
ORD-100215,,Hassan Nasser,TOY-003,remote control car,Toy,349.00,2,698.00,Delivered,
ord-100409,02/07/2025,rana nasser,FSH-001,COTTON TSHIRT,fashion,,4,,complete,
ORD-100538,2024-08-11,Sara Saleh,FSH-005,Wool Scarf,Clothing,161,3,537.00,Delivered,
ORD-100355,2024-04-13,tarek hassan,TOY-003,Remote Control Car,toys,349.00,1,349.00,DELIVERED,
ord-100447,2024-03-26,Mona Adel,SPT-003,Water Bottle,Sports & Fitness,,2,218.00,DELIVERED,
ORD-100113,2024-03-23,Ahmed Mansour,SPT-003,Water Bottle,Fitness,109.00,1,109.00,delivered,
ord-100694,"May 14, 2024",Mahmoud Farouk,BTY-003,facial cleanser,Beauty,129,2,,delivered,
ORD-100076,2024-12-02,Mona Ibrahim,GRO-003,OLIVE OIL,Grocery,189,3,567.00,DELIVERED,
ord-100338,2025-06-06,Mahmoud Saleh,GRO-004,DARK CHOCOLATE,Groceries,69.00,5,345.00,delivered,
ORD-100450,15/11/2024,,FSH-004,Leather Wallet,Clothing,"229,00",5,,Delivered,
ORD-100441,2025-02-27, Tarek Zaki  ,HOM-004,  Knife Block Set ,Home & Kitchen,459,1,459.00,returned,Late delivery
ord-100651,2024-09-18,Youssef Zaki,FSH-005,wool scarf,Fashion,179,3.0,,Completed,
ORD-100084,2024-12-08,nour adel,GRO-001,  Organic Honey ,Groceries,,1,99.00,Completed,
ORD-100730,2024/04/26, Nour Ibrahim  ,BTY-004,HAIR DRYER,Beauty & Personal Care,EGP 399.00,1,438.90,DELIVERED,
ORD-100343,11/10/2024,Tarek Saleh,,FACIAL CLEANSER,Cosmetics,116,2,,Completed,
ORD-100618,2025-06-20,,FSH-005,  Wool Scarf ,Apparel,161.10 EGP,2,393.80,complete,
ORD-100115,"Jan 29, 2024",Karim Hassan,TOY-003,remote control car,Toys,$349.00,1,,RET,Damaged
ORD-100515,2024/11/10,mona farouk,,dark chocolate,Grocery,69.00,5,345.00,delivered,
ord-100694,"Jul 10, 2024",Salma Habib,HOM-005,AIR  FRYER,Home and Kitchen,899,,,DELIVERED,Late delivery
ORD-100456,"Nov 13, 2024",amir habib,FSH-005,Wool  Scarf,Clothing,$179.00,2,,delivered,
ORD-100186,, Mona Farouk  ,ELC-006,HD Webcam,ELEC,,3,987.00,Delivered,
ORD-100027,22/08/2025,Youssef Habib,GRO-003,olive oil,Grocery,189,2,,Delivered,
ORD-100427,2025-08-15,Khaled Nasser,ELC-007,Power Bank 20000mAh,Electronics & Gadgets,,-1,,Delivered,
ORD-100270,11/10/2025, Sara Saleh  ,FSH-002,Denim Jacket,fashion,549.00,1,,RET,Not as described
,2025-10-21,Mahmoud Mansour,,   ,Beauty & Personal Care,399.00,3,,delivered,
ORD-100302,01/10/2024,Sara Hassan,ELC-005,4K Monitor,Electronics,2499,3,,delivered,
ORD-100452,2025/03/25,Hassan Hassan,ELC-002,Mechanical Keyboard,Electronics & Gadgets,$549.00,,,Completed,
ord-100208,2024-12-14,tarek mansour,FSH-001,Cotton  T-Shirt,fashion,107,3,357.00,Returned,Wrong size
ORD-100544,2025-01-28, Khaled Nasser  ,TOY-001,Building Blocks Set,toys,219.00,5,1095.00,complete,
ORD-100451,2025/01/20,Mahmoud Adel,BTY-001,Vitamin C Serum,beauty,189,4,,refunded,Wrong item
ord-100615,2024-02-08,karim saleh,,Vitamin  C Serum,Cosmetics,189,4.0,,delivered,
ORD-100320,2025-06-11,tarek mostafa,ELC-001,  Wireless Mouse ,Electronic,199.00 EGP,1,,delivered,
ORD-100116,26/12/2025,HASSAN HASSAN,SPT-003,Water Bottle,Sports & Fitness,109.00,2,,Delivered,
ORD-100522,"Nov 06, 2024",Ahmed Ali,FSH-005,wool scarf,Fashion,"179,00",5,895.00,Delivered,
ORD-100054,2025-04-01, mahmoud ali  ,FSH-003,running shoes,Fashion,699.00,4,2796.00,delivered,
ORD-100527,2025-11-06, Karim Adel  ,SPT-004,Resistance Bands,Sports,139,,,DELIVERED,
ORD-100303,"Sep 10, 2025",Heba Mansour,FSH-001,Cotton T-Shirt,fashion,$119.00,3,,Returned,Wrong size
ORD-100040,"Aug 20, 2024",nour adel,ELC-003,Bluetooth Headphones,Electronics & Gadgets,"799,00",5,,cancelled,
ORD-100583,2025-05-13,Salma Zaki,FSH-001,Cotton T-Shirt,Clothing,119,4,,Delivered,
ORD-100472,2024-03-19,,FSH-003,Running  Shoes,fashion,699,5,,Completed,
ORD-100132,07/10/2025,yara mansour,BTY-002,Matte Lipstick,Cosmetics,89.00,4.0,,complete,
ord-100609,2024-02-18, Ahmed Saleh  ,BTY-001,Vitamin C Serum,Beauty & Personal Care,189,1,189.00,DELIVERED,
ORD-100151,08/11/2024, hassan farouk  ,FSH-006,BASEBALL  CAP,Apparel,"99,00",3,297.00,Completed,Damaged
ORD-100642,2024/08/13,Khaled Mostafa,ELC-001,Wireless Mouse,electronics,199,5,,Returned,
ORD-100109,"Jun 05, 2025", salma saleh  ,SPT-001,  Yoga Mat ,Fitness,169.00,3,507.00,delivered,
ORD-100352,2025/05/07, Nour Zaki  ,,The  Focus Method,Books,EGP 129.00,1,129.00,returned,Not as described
ord-100069,2024/06/18, Sara Adel  ,ELC-003,bluetooth head phones,electronics,,1,799.00,complete,
ord-100609,2024/09/15,hassan ali,HOM-002,stainless steel pan,Home and Kitchen,389,3,,DELIVERED,
ORD-100334,"Sep 11, 2025",Hassan Hassan,FSH-004,leather  wallet,Fashion,206.10 EGP,1,,Refunded,Late delivery
ORD-100706,23/03/2024,Mahmoud Zaki,FSH-005,Wool Scarf,fashion,179.00 EGP,4,,Completed,
ORD-100482,30/11/2025,heba ibrahim,TOY-002,Plush Teddy Bear,Toys,"129,00",4,,Cancelled,
ORD-100247,2025/04/25,KHALED IBRAHIM,ELC-004,USB C Charger,Electronic,149.00,5,745.00,Delivered,
ORD-100617,2025-04-06,khaled farouk,,Bluetooth Headphones,electronics,"799,00",5,,Returned,Late delivery
ORD-100359,07/05/2025,Rana Farouk,ELC-002,Mechanical  Keyboard,ELEC,"549,00",3,1647.00,Delivered,
ORD-100266,04/01/2025, Dina Ali  ,GRO-002,Green Tea,Grocery,79,1,,Completed,
ord-100059,"Apr 26, 2025",Tarek Sabry,FSH-001,  Cotton T Shirt ,Apparel,107.10,4,476.00,Completed,
ORD-100258,"Jan 24, 2024",Hassan Hassan,TOY-003,Remote Control Car,Toys,"349,00",,,DELIVERED,
ORD-100237,"Dec 06, 2024",Heba Zaki,,Denim Jacket,Apparel,494,3,1647.00,DELIVERED,
ord-100513,2024-08-19,Khaled Saleh,GRO-003,Olive Oil,Groceries,170,1,189.00,DELIVERED,
ORD-100363,2025-05-20,Ahmed Hassan,HOM-006,  Glass Storage Jars ,Home & Kitchen,129.00,5,645.00,Completed,
ORD-100013,2025/08/27, Karim Ali  ,HOM-004,knife block set,Home and Kitchen,459.00,5,2295.00,delivered,
ORD-100310,10/05/2024,,BOK-002,Echoes  of Tomorrow,books,,2,261.80,Delivered,
ORD-100312,"Jun 29, 2024", Nour Saleh  ,FSH-002,Denim Jacket,fashion,549.00 EGP,5,,CANCEL,
ord-100181,2024/03/31,salma nasser,TOY-002,  Plush Teddy Bear ,Toys,116.10,2,,DELIVERED,
ORD-100198,"Mar 28, 2024",layla mansour,TOY-002,PLUSH TEDDY BEAR,Toy,EGP 116.10,3,,Completed,
ord-100182,2024/03/19,Mona Ibrahim,HOM-002,STAINLESS STEEL PAN,Kitchen,389,1,389.00,complete,
ord-100736,2025/06/15,Omar Mansour,BOK-002,echoes of tomorrow,books,$119.00,,,cancelled,
ORD-100306,03/09/2025,amir hassan,BTY-002,matte lipstick,Beauty,,2,178.00,delivered,Wrong size
ORD-100668,2025/03/22,Yara Adel,HOM-004,Knife Block Set,home & kitchen,EGP 459.00,5,2295.00,DELIVERED,
ORD-100475,2024/08/01,Hassan Zaki,,Leather  Wallet,Fashion,229.00,3,,complete,
ORD-100612,"Sep 08, 2024", Karim Ibrahim  ,GRO-004,dark chocolate,Grocery,69,5,,complete,
ORD-100273,30/10/2024,YOUSSEF ADEL,GRO-003,olive oil,grocery,189.00,2,378.00,Refunded,
ORD-100734,2025-11-19,Hassan Sabry,GRO-001,  organic honey ,Grocery,99.00,1,99.00,returned,Wrong size
ORD-100264,19/06/2024,nour hassan,FSH-006,BASEBALL CAP,Apparel,99.00,4,396.00,RET,Wrong item
ORD-100350,12/03/2024, lina habib  ,FSH-004,  LEATHER  WALLET ,Clothing,"229,00",1,229.00,RET,Changed mind
ORD-100247,2025/04/25,KHALED IBRAHIM,ELC-004,usb-c charger,Electronic,149.00,5,745.00,Delivered,
ord-100485,"Jun 30, 2024",RANA NASSER,ELC-002,Mechanical Keyboard,Electronic,549,5,2745.00,DELIVERED,
ORD-100565,2024/07/06, mona sabry  ,FSH-004,Leather Wallet,Fashion,EGP 229.00,4,916.00,DELIVERED,
ORD-100023,2024-03-10, Nour Habib  ,BTY-002,Matte Lipstick,beauty,80,2,195.80,returned,
ord-100351,31/05/2025, Dina Saleh  ,GRO-001,organic honey,Food,99.00 EGP,5,,DELIVERED,
ORD-100696,2024/03/06,Dina Sabry,FSH-003,Running Shoes,Apparel,699.00,,,Cancelled,
ORD-100156,2024-05-26,Sami Mostafa,HOM-006,Glass Storage Jars,Kitchen,116.10,4,,DELIVERED,
ORD-100474,2024-06-24, Mona Mostafa  ,SPT-004,resistance bands,Fitness,EGP 139.00,1,139.00,Completed,
ord-100260,"May 05, 2024",Nour Ibrahim,FSH-001,Cotton T-Shirt,Apparel,119.00 EGP,2,,DELIVERED,
ORD-100699,2024/03/31,,ELC-001,Wireless Mouse,Electronic,179.10 EGP,4,796.00,Delivered,
ORD-100669,2024/02/29,,GRO-004,Dark Chocolate,Grocery,69,5,345.00,delivered,
ORD-100074,2025-06-06,Nour Ibrahim,TOY-003,remote control car,Toy,314,1,349.00,Returned,Wrong item
ORD-100662,28/08/2025,Heba Sabry,BTY-003,facial  cleanser,Beauty,129,5,645.00,complete,
ORD-100161,2025-04-08,mona ibrahim,FSH-003,Running Shoes,Apparel,699.00 EGP,4,,Delivered,
ORD-100537,11/07/2024,Mahmoud Mansour,HOM-006,GLASS STORAGE JARS,Kitchen,129,4,516.00,Cancelled,
ORD-100053,"Aug 01, 2024", Mona Habib  ,ELC-005,4k Monitor,Electronics,2249.10 EGP,2,4998.00,Refunded,Defective
ORD-100588,06/05/2024,Mahmoud Adel,ELC-001,Wireless Mouse,Electronics & Gadgets,$199.00,5,,DELIVERED,
ORD-100265,2024-02-24,mahmoud hassan,ELC-004,USB-C Charger,Electronic,149,4,,delivered,
ORD-100194,2025-08-24,mahmoud adel,FSH-003,  Running Shoes ,Fashion,699,3,2097.00,Delivered,
ORD-100689,13/09/2024,,SPT-001,yoga mat,sports,169.00 EGP,4,,delivered,
ORD-100049,2024-05-28,Salma Zaki,BOK-001,THE EVERYDAY COOKBOOK,books,"134,10",5,745.00,DELIVERED,
ord-100314,24/03/2024,sami nasser,BTY-004,HAIR DRYER,Beauty,EGP 399.00,5,1995.00,Delivered,
ord-100399,"Mar 07, 2025",Youssef Ali,BTY-004,Hair Dryer,beauty,399.00,2,,complete,
ord-100707,2024-12-19,Sami Adel,TOY-002,plush teddy bear,Toys & Games,129.00 EGP,2,258.00,DELIVERED,
ORD-100650,2024-09-28, KARIM MANSOUR  ,GRO-002,green tea,grocery,79.00,5,395.00,complete,
ORD-100215,2024-03-21,Rana Nasser,GRO-001,  organic honey ,Groceries,"89,10",2,,Delivered,
ORD-100593,06/05/2025,Mona Habib,HOM-006,Glass Storage Jars,Home and Kitchen,$129.00,5,,Returned,Damaged
ORD-100657,,Salma Farouk,BTY-001,Vitamin C Serum,beauty,189.00,,,Returned,Damaged
ORD-100449,"Jan 30, 2025", TAREK NASSER  ,HOM-003,Electric Kettle,Kitchen,,3,747.00,RET,Wrong item
,05/12/2024,Sami Ali,,   ,,329.00,1,,complete,
ord-100246,"Jan 23, 2024",tarek adel,,Wireless Mouse,Electronic,EGP 199.00,5,995.00,cancelled,
ORD-100103,2025-04-06,mahmoud habib,ELC-001,WIRELESS MOUSE,electronics,199.00,5,995.00,DELIVERED,
ORD-100221,"May 27, 2024",Khaled Saleh,ELC-002,mechanical keyboard,ELEC,549.00,1,549.00,Completed,Late delivery
ORD-100436,"May 16, 2024",,BTY-001,  vitamin c serum ,Beauty,189,2,378.00,complete,
ord-100400,2024-10-20, Lina Mostafa  ,GRO-003,Olive Oil,Grocery,189,2,415.80,DELIVERED,Changed mind
ORD-100446,2024-11-05,Mona Mansour,,AIR FRYER,HOME&KITCHEN,,3,2697.00,Delivered,Wrong item
ord-100660,2024-11-15,MONA ALI,GRO-003,Olive  Oil,grocery,189.00,4,756.00,Completed,
ORD-100078,2025-10-31,,BTY-002,matte lipstick,Cosmetics,89,2,178.00,Completed,
ORD-100463,"Nov 24, 2024", Amir Sabry  ,ELC-007,Power Bank 20000 mAh,ELEC,279.00 EGP,4,1116.00,cancelled,
ORD-100596,"Dec 11, 2024",layla mansour,BOK-002,Echoes of Tomorrow,Books,107.10,4,476.00,DELIVERED,
ORD-100032,09/03/2024,mahmoud nasser,,  Plush Teddy Bear ,toys,116,2,,Delivered,
ORD-100659,2025-04-15,Tarek Ibrahim,GRO-004,Dark Chocolate,Groceries,69.00,5,,Completed,
ORD-100334,2025-04-09,Karim Mansour,TOY-001,building blocks set,Toys & Games,219.00,3,,Completed,
ORD-100415,28/04/2024,mahmoud habib,HOM-002,  stainless steel pan ,HOME&KITCHEN,389,3,1167.00,Delivered,
ORD-100727,2025-08-23,,HOM-005,Air Fryer,Home & Kitchen,899,1,,Delivered,
ORD-100531,2024-05-17,Sara Mostafa,,Air Fryer,home & kitchen,899,3,2697.00,Completed,
ORD-100243,2025-02-11,sara sabry,BTY-001,Vitamin C Serum,Beauty & Personal Care,EGP 189.00,5,945.00,complete,
ORD-100169,13/10/2024,omar mansour,HOM-003,  Electric Kettle ,HOME&KITCHEN,249,2,547.80,delivered,
ORD-100601,2025-11-29,Layla Farouk,FSH-003,Running Shoes,Fashion,$699.00,2,,Completed,
ORD-100458,2024-05-06,LINA SALEH,ELC-007,Power  Bank 20000 mAh,electronics,279,2,,delivered,
ORD-100063,12/05/2024,Tarek Zaki,ELC-005,  4k  monitor ,ELEC,2499,1,,returned,Damaged
ord-100374,2025/10/31,heba nasser,HOM-006,glass storage jars,home & kitchen,129.00,2,,Completed,
ORD-100587,2024-02-06, rana ali  ,,Cotton Tshirt,Clothing,$119.00,,,DELIVERED,
ORD-100130,"Sep 11, 2024",Mahmoud Mostafa,ELC-007,power bank 20000mah,Electronics & Gadgets,EGP 279.00,5,1395.00,Completed,Late delivery
ORD-100438,2024-01-18,Tarek Saleh,ELC-002,Mechanical Keyboard,electronics,"549,00",2,1098.00,delivered,
ORD-100143,2024/05/02,dina hassan,FSH-006,Baseball  Cap,Fashion,EGP 99.00,1,,delivered,
ORD-100602,2025-09-23,Lina Nasser,,BASEBALL  CAP,fashion,EGP 99.00,0,,refunded,Late delivery
ord-100660,03/04/2025, Layla Zaki  ,FSH-006,Baseball Cap,Apparel,89,,,RET,Damaged
ORD-100645,"Sep 11, 2025",Amir Ibrahim,ELC-004,USBC CHARGER,Electronic,149,-1,,delivered,Damaged
ORD-100364,2025-10-09,Omar Ibrahim,ELC-002,MECHANICAL KEYBOARD,Electronics & Gadgets,549.00,1,,DELIVERED,
ord-100066,"May 26, 2024",Khaled Hassan,SPT-004,Resistance Bands,Sports & Fitness,139.00,4,,Delivered,
ORD-100481,2024-01-11,Nour Zaki,HOM-001,CERAMIC MUG SET,HOME&KITCHEN,"159,00",5,795.00,delivered,
ORD-100440,2025-12-12,Nour Ali,ELC-003,  BLUETOOTH  HEADPHONES ,Electronics,799.00,2,1598.00,complete,
ORD-100205,"Dec 28, 2024",Dina Saleh,HOM-001,ceramic mug set,Kitchen,159.00,5,,complete,
ORD-100247,2025/04/25,KHALED IBRAHIM,ELC-004,USB-C  CHARGER,Electronic,149.00,5,745.00,Delivered,
ORD-100600,13/02/2024,LINA FAROUK,ELC-008,  Smart Watch ,electronics,1079,1,,Delivered,Not as described
ORD-100537,11/07/2024,Mahmoud Mansour,HOM-006,GLASS STORAGE JARS,Kitchen,129,4,516.00,Cancelled,
ord-100082,12/01/2025,Layla Adel,BTY-003,FACIAL CLEANSER,Cosmetics,129,1,,Completed,
ORD-100647,21/05/2025,mona ali,ELC-001,  wireless mouse ,electronics,$199.00,3,,delivered,
ORD-100010,2024/08/02,youssef hassan,FSH-006,baseball cap,Apparel,99,4,,Delivered,
ord-100570,24/06/2025,sami zaki,HOM-006,  GLASS STORAGE JARS ,home & kitchen,129.00,2,,DELIVERED,
ord-100174,2024/10/09,Nour Habib,TOY-001,BUILDING  BLOCKS SET,toys,"219,00",5,1095.00,delivered,
ord-100293,26/07/2024,Mahmoud Habib,ELC-004,usb-c charger,ELEC,149.00,4,,Delivered,
ORD-100281,30/09/2025,Yara Ali,BOK-003,The Focus Method,Book,129,1,129.00,Canceled,
ord-100011,"Apr 12, 2024",Mona Farouk,BTY-001,Vitamin C Serum,beauty,189,1,,Canceled,
ord-100660,2024/11/11,Sami Adel,ELC-008,Smart Watch,Electronics,EGP 1199.00,1,,Delivered,
ord-100492,2024-12-24,Sami Mansour,TOY-002,plush teddy bear,Toys & Games,129.00,0,,Delivered,
ORD-100719,2024-11-05,salma nasser,BOK-001,The Everyday Cookbook,books,"149,00",3,447.00,delivered,
ORD-100207,2025-05-30,Tarek Farouk,,dumbbell set,sports,"599,00",4,2396.00,complete,
ORD-100417,2024-04-29, Sami Farouk  ,ELC-001,Wireless Mouse,Electronic,99999,5,995.00,Refunded,Changed mind
ORD-100488,27/12/2025,Ahmed Sabry,TOY-002,plush teddy bear,Toys & Games,129,3,387.00,complete,
ORD-100209,2025-06-26,LAYLA ALI,GRO-001,Organic Honey,grocery,"99,00",2,198.00,Delivered,
ord-100325,"Jan 07, 2024",lina farouk,HOM-006,glass  storage jars,HOME&KITCHEN,116.10,2,,Delivered,
ord-100038,2025-10-08,mahmoud ali,SPT-004,Resistance Bands,Sports,125.10,5,695.00,delivered,
ORD-100592,12/08/2025,Ahmed Habib,,Matte Lipstick,beauty,89,4,,Delivered,
ORD-100625,2024/01/16,Lina Mansour,HOM-002,stainless steel pan,Home and Kitchen,389.00,2,,refunded,Wrong size
ORD-100028,14/02/2024,,BOK-002,  Echoes of Tomorrow ,Books,119.00,1,119.00,delivered,
ord-100248,30/12/2025,Layla Ibrahim,,STAINLESS STEEL PAN,Home and Kitchen,389.00,4,1556.00,cancelled,
ORD-100239,2025-03-22, Yara Nasser  ,ELC-005,4K Monitor,Electronic,"2499,00",1,2499.00,Delivered,
ord-100590,2025-10-26,Ahmed Hassan,TOY-003,Remote  Control Car,Toys,349.00 EGP,,,RET,Damaged
ORD-100500,2025-05-30,Heba Sabry,ELC-005,  4K Monitor ,Electronics,"2499,00",5,12495.00,Returned,Not as described
ORD-100436,2024-06-11,Yara Adel,TOY-001,Building Blocks Set,Toys & Games,EGP 219.00,5,,complete,
ORD-100722,2025-03-12,Sara Hassan,HOM-004,KNIFE BLOCK SET,Home & Kitchen,459.00 EGP,5,2295.00,Completed,
ORD-100429,2024-08-01, Hassan Saleh  ,BTY-003,Facial Cleanser,Beauty,129.00,1,129.00,CANCEL,
ORD-100014,"Dec 25, 2025",Youssef Mansour,TOY-003,Remote Control Car,Toys & Games,"349,00",1,,DELIVERED,
ORD-100567,2024-06-06,Layla Habib,BOK-002,  Echoes of Tomorrow ,Books,119,4,476.00,complete,
ord-100290,2025/01/09,KARIM SABRY,FSH-005,Wool Scarf,Fashion,179,2,,Cancelled,
ORD-100006,2024-08-05,Ahmed Nasser,BOK-002,Echoes of Tomorrow,books,$119.00,4,,delivered,
ORD-100235,2025-08-01,youssef nasser,TOY-003,Remote Control Car,Toys & Games,349,3,1047.00,Delivered,
ORD-100386,05/02/2025,Salma Nasser,FSH-001,COTTON T-SHIRT,Apparel,119,5,595.00,Completed,
ORD-100405,2025-05-04,sara mostafa,,facial  cleanser,Beauty & Personal Care,EGP 129.00,5,645.00,delivered,
ORD-100274,29/03/2024,layla ibrahim,TOY-002,Plush Teddy Bear,Toys,129,2,,delivered,
ORD-100667,"Mar 10, 2024",Karim Nasser,GRO-001,  organic honey ,grocery,EGP 99.00,2,,complete,Defective
ORD-100289,"Apr 06, 2025",,ELC-006,HD Webcam,electronics,329,2,658.00,Delivered,
ORD-100321,2025-12-02, Omar Zaki  ,,power bank 20000 mah,electronics,279.00,4,1227.60,Returned,Defective
ord-100424,, Lina Habib  ,BTY-002,Matte Lipstick,Beauty & Personal Care,"89,00",3,,Delivered,
ORD-100273,24/05/2025,mahmoud saleh,GRO-002,Green Tea,Groceries,79,4,316.00,DELIVERED,
ORD-100033,2024-05-07,nour farouk,SPT-004,Resistance Bands,Sports & Fitness,125.10,5,,complete,
ORD-100151,"Sep 25, 2024", Tarek Ibrahim  ,SPT-002,Dumbbell Set,sports,99999,5,2995.00,Completed,
ORD-100582,22/03/2025,Lina Zaki,HOM-003,electric kettle,Kitchen,EGP 249.00,1,249.00,complete,
ord-100157,27/10/2024,Karim Saleh,FSH-006,  baseball cap ,fashion,99,3,297.00,Delivered,
ORD-100311,22/10/2025,khaled nasser,TOY-001,Building Blocks Set,Toy,219.00,1,,DELIVERED,
ORD-100714,2024-12-16,Layla Hassan,BOK-002,Echoes of Tomorrow,Books,EGP 119.00,2.0,238.00,complete,
ord-100485,2025-11-05,Heba Saleh,GRO-002,GREEN TEA,Groceries,"79,00",5,395.00,DELIVERED,
ORD-100425,2024-11-11,YARA SALEH,GRO-004,Dark Chocolate,Grocery,,3,,Cancelled,
ORD-100326,13/07/2024,dina ali,,  organic honey ,Groceries,"99,00",3,,Delivered,
ORD-100193,15/04/2024,Rana Sabry,GRO-001,Organic Honey,Grocery,,4,396.00,returned,Defective
ORD-100406,2025-07-27, Lina Hassan  ,BTY-003,facial cleanser,Beauty & Personal Care,116.10 EGP,1,,DELIVERED,
ORD-100111,2024-06-18,,BTY-001,vitamin c serum,Cosmetics,"189,00",2,,delivered,
ORD-100640,"Oct 28, 2024",Mahmoud Saleh,GRO-004,Dark Chocolate,Food,"69,00",3,,delivered,
ORD-100016,2024-07-28,sara ali,ELC-001,WIRELESS MOUSE,ELEC,199.00,4,796.00,Completed,
ORD-100476,2025/05/04,Lina Zaki,FSH-006,baseball cap,Fashion,99,3,297.00,delivered,
ORD-100061,2024/01/11,Layla Sabry,,The Everyday Cookbook,Book,149.00,5,,DELIVERED,
ORD-100184,2025/08/24,,ELC-007,  Power Bank 20000 mAh ,electronics,279.00 EGP,,,DELIVERED,
ORD-100436,2024-04-10,Sami Farouk,FSH-002,denim jacket,Apparel,549.00,-1,,DELIVERED,
ORD-100551,2025-03-14,ahmed habib,FSH-004,  Leather Wallet ,fashion,$229.00,2,,complete,
ord-100042,20/12/2025,Nour Ibrahim,HOM-004,Knife Block Set,Home & Kitchen,EGP 459.00,3,,delivered,
ORD-100226,2024-01-10,Salma Hassan,FSH-006,Baseball Cap,Fashion,"99,00",2,,cancelled,
ord-100100,2025-06-02,Omar Saleh,SPT-001,YOGA MAT,Sports,152.10,1,169.00,Returned,Not as described
ORD-100343,2025-04-08,Yara Ali,ELC-006,  HD WEBCAM ,Electronic,329.00 EGP,3,987.00,delivered,
ORD-100644,2025/10/15, Hassan Hassan  ,BOK-001,The Everyday Cookbook,Books,149,3,,Returned,Not as described
ORD-100209,2024-11-16,Nour Saleh,ELC-007,Power Bank 20000mAh,Electronics,,,,returned,Wrong size
ORD-100626,14/06/2024,DINA ADEL,TOY-001,building  blocks set,Toy,EGP 219.00,2,,RET,Defective
ORD-100050,"Mar 28, 2025", sara mansour  ,HOM-004,KNIFE BLOCK SET,HOME&KITCHEN,459.00,2,,complete,
ORD-100240,2025/12/24,Heba Adel,HOM-001,ceramic mug set,Home & Kitchen,159,1,159.00,Delivered,
ORD-100109,"Jun 02, 2024",Nour Ali,TOY-001,Building  Blocks Set,Toys & Games,"219,00",5,,Canceled,
ORD-100508,2024/10/12,Sara Nasser,,  HD WEBCAM ,electronics,329,1,361.90,DELIVERED,
ORD-100128,,,TOY-002,Plush Teddy Bear,Toys & Games,129.00,5,,DELIVERED,
ORD-100550,2024-01-05,Lina Ali,HOM-001,ceramic mug set,HOME&KITCHEN,EGP 159.00,2,318.00,DELIVERED,
ORD-100618,2024/12/29,Khaled Mansour,BTY-003,facial cleanser,Cosmetics,"129,00",1,,Completed,
ORD-100419,2024-05-14,ahmed adel,FSH-003,running shoes,Clothing,"629,10",3,,refunded,Not as described
ORD-100586,2025-11-10,Rana Ali,GRO-001,Organic Honey,Groceries,EGP 99.00,4,,RET,Wrong item
ORD-100056,2024-12-10,Tarek Zaki,BOK-001,the everyday cookbook,books,149.00,1.0,149.00,Completed,
ORD-100315,2024-02-23,Sami Adel,FSH-003,Running  Shoes,Fashion,699.00 EGP,2,1537.80,complete,
ORD-100444,16/03/2025,Salma Nasser,,stainless  steel pan,home & kitchen,389,5,,RET,Defective
ORD-100291,18/08/2025,SALMA HABIB,ELC-001,Wireless Mouse,electronics,EGP 179.10,3,597.00,Delivered,
ORD-100144,15/02/2024,Youssef Hassan,HOM-004,  knife block set ,Home and Kitchen,413,2,,returned,Wrong size
ord-100490,2024/02/13,Mona Sabry,ELC-004,USB  C CHARGER,electronics,149,0,,delivered,
ORD-100465,2024-03-07,Karim Adel,SPT-004,resistance bands,Sports,139.00,3,417.00,Completed,
ORD-100526,2025-06-24,Mona Ibrahim,ELC-008,  smart watch ,ELEC,1079.10,2,2398.00,complete,
ord-100256,"Aug 24, 2025", tarek nasser  ,ELC-005,4K Monitor,Electronic,2249.10 EGP,2,,Delivered,
ORD-100579,2025-02-20,Omar Farouk,FSH-005,wool  scarf,fashion,179.00 EGP,5,895.00,Canceled,
ORD-100095,2024-06-14,Ahmed Saleh,ELC-007,POWER BANK 20000MAH,Electronics,279,4,,delivered,
ORD-100735,2024/05/06, Amir Ibrahim  ,GRO-001,organic honey,Grocery,99.00,4,396.00,DELIVERED,
ORD-100329,, Yara Adel  ,FSH-004,Leather Wallet,Clothing,229,5,1145.00,Refunded,Late delivery
ORD-100277,"May 02, 2024",mona nasser,,  DARK CHOCOLATE ,grocery,"69,00",1,,Delivered,
ord-100376,2025/09/27,Mona Ali,FSH-002,denim jacket,Apparel,549.00,1,,delivered,
ORD-100301,"Aug 10, 2024",Heba Hassan,TOY-003,  REMOTE  CONTROL CAR ,Toy,349,5,1745.00,Delivered,
ORD-100081,2024-01-08, Yara Nasser  ,HOM-005,Air Fryer,HOME&KITCHEN,,3,2697.00,complete,
ORD-100019,"Nov 03, 2025",Rana Zaki,BTY-003,Facial Cleanser,Cosmetics,129.00,1,,Delivered,
ORD-100180,2024-12-01,Omar Adel,ELC-007,Power Bank 20000 mAh,Electronics,,2,,Delivered,
ORD-100460,2025-06-20,,,facial cleanser,Beauty,129,0,,delivered,
ORD-100576,2024-07-11, Ahmed Ali  ,HOM-003,Electric Kettle,Home and Kitchen,249.00,3,,delivered,
ORD-100337,"Aug 14, 2024",Mahmoud Saleh,ELC-002,Mechanical Keyboard,Electronic,"549,00",2,,delivered,
ord-100236,2024-04-26,Dina Nasser,FSH-004,leather wallet,Apparel,229,5,,DELIVERED,Not as described
ORD-100393,,YARA MOSTAFA,FSH-002,  Denim Jacket ,Apparel,494.10,1,549.00,returned,Late delivery
ord-100712,20/02/2024,SAMI HABIB,ELC-004,  USBC Charger ,Electronics & Gadgets,134,1,,returned,Late delivery
ORD-100035,"Dec 10, 2025",sami habib,SPT-002,dumbbell set,Fitness,EGP 599.00,3,1797.00,Completed,
ORD-100489,27/03/2025, SAMI MOSTAFA  ,FSH-002,Denim Jacket,Clothing,549.00,1,603.90,Refunded,Late delivery
ord-100447,2024/01/23,Mahmoud Ibrahim,SPT-004,Resistance Bands,sports,0,,,returned,Defective
ord-100553,"Aug 09, 2024",Salma Mostafa,ELC-002,Mechanical Keyboard,electronics,549.00 EGP,4,2196.00,Completed,
ORD-100723,2025-02-12,sara mostafa,ELC-003,  Bluetooth Head Phones ,ELEC,99999,1,,RET,Not as described
ORD-100342,,sara sabry,ELC-001,Wireless Mouse,electronics,179.10,,,RET,Late delivery
ORD-100216,12/01/2024,Ahmed Farouk,BTY-003,FACIAL CLEANSER,Beauty,129,0,,RET,Late delivery
ORD-100517,2025-07-29,Rana Nasser,FSH-002,Denim Jacket,Clothing,EGP 549.00,1,,DELIVERED,
ORD-100621,02/11/2025,Yara Mostafa,HOM-001,Ceramic Mug Set,Home and Kitchen,143.10,-1,,Delivered,
ORD-100546,, Hassan Ali  ,HOM-006,Glass Storage Jars,HOME&KITCHEN,EGP 129.00,2,258.00,delivered,
ORD-100087,2025-01-15,Rana Mostafa,SPT-002,dumbbell set,Sports,599.00,5,3294.50,Completed,
ORD-100627,2025-10-12,yara nasser,ELC-003,Bluetooth Headphones,Electronics,799.00 EGP,3,2397.00,Completed,
ORD-100271,2025-12-02,nour farouk,GRO-001,  organic honey ,grocery,89,,,complete,
ORD-100348,04/04/2024, karim mansour  ,HOM-003,  Electric  Kettle ,Home and Kitchen,"224,10",1,249.00,cancelled,
ORD-100672,2025-12-13, hassan saleh  ,ELC-002,MECHANICAL KEYBOARD,Electronics,494.10,1,,complete,
ORD-100295,"Jan 22, 2024",Salma Hassan,FSH-003,running shoes,Apparel,$699.00,3,2097.00,DELIVERED,
ORD-100572,23/12/2024,Sara Ibrahim,SPT-002,Dumbbell Set,sports,599,4,2396.00,Completed,
ORD-100120,2024-12-16, Amir Mostafa  ,ELC-008,SMART WATCH,electronics,EGP 1199.00,,,Completed,
ord-100547,30/12/2025, Mona Sabry  ,GRO-002,Green Tea,grocery,79.00,4,,delivered,
ORD-100728,"Oct 03, 2024",Sara Saleh,TOY-001,  Building Blocks Set ,Toy,EGP 219.00,5,,Delivered,
ORD-100365,2024/12/06,Ahmed Mansour,ELC-005,4K Monitor,Electronics & Gadgets,2499,5,,Canceled,
ORD-100317,15/05/2024,Dina Ali,SPT-004,resistance bands,Sports,139.00,3,417.00,complete,
ORD-100431,11/12/2025,Heba Hassan,GRO-003,Olive Oil,grocery,189.00,3,,DELIVERED,Wrong item
ORD-100093,"Jan 01, 2024",Youssef Sabry,HOM-003,Electric  Kettle,Kitchen,224.10 EGP,3,747.00,RET,
ORD-100401,"Mar 14, 2025",Yara Mansour,TOY-002,Plush Teddy Bear,Toys,129.00,4,516.00,Delivered,
ORD-100410,"Aug 04, 2025",,BTY-002,  matte lipstick ,Beauty & Personal Care,89,-1,,complete,
ORD-100309,04/02/2025,nour nasser,GRO-002,Green Tea,Groceries,71,3,237.00,complete,
ORD-100495,14/06/2024,mahmoud hassan,BOK-001,the  everyday cookbook,Book,149.00,3,,DELIVERED,Defective
ORD-100149,2025/08/15,rana ali,BOK-003,  The Focus Method ,books,EGP 129.00,3,387.00,complete,
ORD-100046,"Oct 22, 2024", ahmed habib  ,BOK-001,The Everyday Cookbook,books,134,,,RET,Wrong item
ord-100402,"Jun 21, 2025", Hassan Nasser  ,SPT-002,Dumbbell Set,Sports,"599,00",5,2995.00,Delivered,
ORD-100364,2025-10-09,Omar Ibrahim,ELC-002,MECHANICAL KEYBOARD,Electronics & Gadgets,549.00,1,,DELIVERED,
ORD-100364,"Oct 05, 2025",Layla Adel,,Resistance Bands,Fitness,125.10,4,,Delivered,
ORD-100452,2024-03-06, Hassan Sabry  ,SPT-001,  Yoga Mat ,sports,169,,,Returned,Not as described
ORD-100432,2024-10-31,Ahmed Zaki,,Glass Storage Jars,Home and Kitchen,116.10,3,,Delivered,
ord-100491,2024-09-05,Tarek Ibrahim,ELC-004,USBC  Charger,Electronics,134.10,1,149.00,delivered,
ORD-100253,"Mar 17, 2024",Tarek Saleh,,Denim Jacket,Clothing,549,5,2745.00,delivered,
ORD-100074,"Mar 18, 2025",karim farouk,ELC-002,mechanical keyboard,electronics,549.00,2,,Canceled,
ORD-100283,"Feb 27, 2025", mona adel  ,SPT-001,yoga mat,Fitness,169.00,5,845.00,complete,
ORD-100147,05/08/2025,Sara Mansour,TOY-003,remote control car,Toy,314.10,1,,Completed,
ord-100424,2024-09-21,Karim Saleh,HOM-006,Glass Storage Jars,Home and Kitchen,,1,129.00,delivered,
ORD-100080,2024-07-03,Dina Habib,FSH-002,Denim Jacket,fashion,$494.10,1,549.00,complete,
ORD-100630,2025-12-30,Heba Ali,BOK-003,The Focus Method,Books,129.00,1,129.00,delivered,
ORD-100003,,Nour Habib,BOK-002,echoes of tomorrow,Books,119,4,,Completed,Not as described
ORD-100272,"May 08, 2025", Lina Habib  ,ELC-004,usb-c charger,Electronics & Gadgets,149.00,2,298.00,complete,
ord-100616,"Jul 29, 2025",Mahmoud Mansour,FSH-004,Leather Wallet,Fashion,229.00,2,,Delivered,
ord-100037,2024-07-11,Khaled Ibrahim,ELC-006,HD Webcam,electronics,329,5,1645.00,Delivered,
ORD-100036,31/03/2025,Lina Nasser,ELC-007,  POWER BANK 20000MAH ,Electronics & Gadgets,$279.00,2,558.00,DELIVERED,
ORD-100523,2025-12-22, Youssef Habib  ,TOY-003,remote control car,Toys & Games,349,2,,complete,
ORD-100466,2025/08/24,Tarek Ibrahim,HOM-004,knife block set,Kitchen,459.00,4,1836.00,Delivered,
ORD-100329,22/02/2024,Amir Ibrahim,BTY-002,Matte  Lipstick,Beauty,,4,356.00,complete,
ORD-100097,31/01/2025,rana hassan,FSH-002,DENIM JACKET,Clothing,549.00,4,,delivered,
ord-100071,2025-08-04,Sami Habib,HOM-004,Knife Block Set,HOME&KITCHEN,459,1,,delivered,
ORD-100509,2024-06-20,Salma Saleh,BOK-003,the  focus method,books,129,2,,complete,
ORD-100412,17/01/2024,Rana Zaki,HOM-005,  Air Fryer ,home & kitchen,899,2,1977.80,Completed,
ORD-100335,2025-09-24,Amir Farouk,HOM-003,  Electric Kettle ,home & kitchen,,2,498.00,complete,
ORD-100413,2024/07/24,Karim Hassan,TOY-003,  remote  control car ,Toys,EGP 314.10,2,698.00,complete,
ORD-100200,2024/12/21,Mahmoud Ibrahim,FSH-003,Running Shoes,fashion,,5,,delivered,
ORD-100123,"May 26, 2024",Lina Mostafa,GRO-001,  Organic Honey ,grocery,,4,,delivered,
ORD-100269,2025-11-04,tarek nasser,SPT-004,resistance bands,Sports & Fitness,139.00,4,,delivered,
ORD-100015,13/01/2024,MONA NASSER,ELC-002,Mechanical Keyboard,ELEC,$549.00,2,1098.00,Completed,
ORD-100009,,Lina Ali,HOM-002,Stainless Steel Pan,home & kitchen,EGP 389.00,1,,Cancelled,
ORD-100110,16/02/2024, Layla Ibrahim  ,ELC-008,  Smart Watch ,ELEC,1199,1,,complete,
ORD-100396,2024-06-29,omar mostafa,ELC-003,Bluetooth Headphones,electronics,"799,00",1,799.00,DELIVERED,
ORD-100724,2024-03-13,tarek nasser,BOK-002,  Echoes of Tomorrow ,books,107.10,3,,Completed,
ord-100634,2024-04-05,Layla Nasser,BOK-001,  THE EVERYDAY COOKBOOK ,books,149.00,2,298.00,returned,Not as described
ORD-100204,10/12/2025,sara habib,FSH-005,  wool scarf ,fashion,179,4.0,,delivered,
ORD-100678,"Sep 07, 2024",Lina Farouk,HOM-005,Air Fryer,home & kitchen,899.00,2,,Canceled,
ORD-100439,"Jul 11, 2024",hassan ibrahim,SPT-003,  water bottle ,Sports & Fitness,109.00,3,327.00,RET,Not as described
ORD-100318,2024-02-29,Ahmed Mansour,HOM-002,Stainless Steel Pan,Kitchen,,4,,complete,
ORD-100520,2024-09-20,Tarek Mostafa,GRO-002,GREEN TEA,Grocery,79.00,2,173.80,Delivered,
ORD-100087,2025-01-21,Amir Nasser,BOK-003,  the  focus method ,Book,129,5,645.00,delivered,
ORD-100478,2025-07-11,Yara Sabry,ELC-007,power bank 20000mah,Electronics,"279,00",,,Returned,Damaged
ORD-100563,2024/10/05,Sara Zaki,ELC-002,Mechanical Keyboard,ELEC,549,3,,complete,
ORD-100319,2025-02-16,Karim Farouk,BTY-002,matte lipstick,beauty,89.00,4,356.00,delivered,
ORD-100518,29/06/2025, Youssef Ibrahim  ,BTY-001,vitamin  c serum,beauty,189.00 EGP,3,567.00,DELIVERED,
ORD-100129,2024-12-11,Layla Mansour,GRO-004,  DARK CHOCOLATE ,grocery,69,4,,Completed,
ORD-100494,2024/11/13,,FSH-005,wool scarf,Apparel,179.00,2,358.00,Completed,
ord-100448,2025/08/16,Salma Mostafa,GRO-003,Olive Oil,Grocery,189.00,1,,Canceled,
ORD-100244,2024-12-25,Lina Sabry,SPT-004,RESISTANCE BANDS,Sports,139,1,,DELIVERED,
ord-100178,,Khaled Farouk,ELC-002,Mechanical Keyboard,Electronic,"549,00",2,,DELIVERED,
ord-100043,"Jan 25, 2024",Sami Habib,FSH-004,  Leather Wallet ,fashion,229.00,5,1145.00,returned,Late delivery
ORD-100039,03/08/2024,SALMA ADEL,BOK-001,the everyday cookbook,Book,149.00 EGP,5,745.00,Delivered,
ord-100174,2024-07-09,Tarek Saleh,ELC-002,Mechanical Keyboard,Electronics,549.00 EGP,1,,Delivered,
ORD-100480,2025-03-10,Yara Zaki,GRO-002,Green  Tea,Groceries,,0,,complete,
ORD-100501,"Jul 27, 2024",,HOM-006,Glass Storage Jars,Home & Kitchen,"129,00",2,258.00,DELIVERED,
ORD-100575,04/05/2025,Mona Adel,FSH-005,Wool Scarf,fashion,EGP 179.00,1,,DELIVERED,
ORD-100392,30/03/2024,heba saleh,ELC-005,4K MONITOR,Electronics,2499.00,3,,delivered,
ORD-100188,2025-12-18,Lina Ibrahim,ELC-008,SMART WATCH,Electronic,1199,4,,returned,Damaged
ORD-100461,"Mar 04, 2024",Tarek Adel,BOK-003,The Focus Method,Book,129.00,,,complete,
ORD-100428,2024/09/26,Karim Ibrahim,BTY-004,Hair Dryer,Cosmetics,359,5,,complete,
ord-100308,"Jun 28, 2025",dina nasser,SPT-004,Resistance Bands,Sports,139.00,5,,Delivered,
ORD-100058,2025/01/08, Karim Adel  ,ELC-002,Mechanical Keyboard,Electronics,EGP 549.00,4,,DELIVERED,
ORD-100332,2024-12-14,dina hassan,,the everyday cookbook,books,$149.00,2,298.00,Completed,
ORD-100597,2024/08/15,Sami Zaki,HOM-001,Ceramic Mug Set,Kitchen,$159.00,3,477.00,delivered,
ord-100709,03/08/2025,Tarek Habib,GRO-004,Dark  Chocolate,Groceries,69.00,5.0,345.00,Completed,
ORD-100196,"Dec 05, 2024",yara mostafa,FSH-004,Leather  Wallet,Clothing,229.00,4,,complete,
ORD-100561,"Jun 03, 2025",Lina Mansour,HOM-006,glass storage jars,Home and Kitchen,129.00,2,258.00,Completed,
ORD-100459,2024-03-04, Rana Ali  ,ELC-006,HD Webcam,Electronics,329.00,1,,DELIVERED,
ORD-100431,07/04/2024,ahmed hassan,SPT-003,Water Bottle,Fitness,,1,,Completed,
ORD-100153,2024/09/29,Salma Farouk,,hd webcam,Electronic,329.00,1,361.90,DELIVERED,
ord-100589,2024/03/05,tarek farouk,SPT-004,Resistance Bands,Fitness,139.00,1,139.00,complete,
ORD-100005,2024/05/27, RANA HABIB  ,,bluetooth headphones,Electronics & Gadgets,$799.00,1,799.00,delivered,
ORD-100700,2025-11-15, Nour Ibrahim  ,TOY-003,  Remote Control Car ,Toys,314.10,5,1745.00,DELIVERED,
ORD-100462,2025-05-21,Heba Ali,HOM-006,GLASS STORAGE JARS,Home and Kitchen,129.00,5,,delivered,
ord-100171,08/11/2025,omar hassan,,  HD Webcam ,Electronics,329.00,4,,Completed,
ORD-100493,"Jul 01, 2025",Khaled Ali,BTY-003,Facial Cleanser,Beauty,129,1,,Completed,
ORD-100652,2025-08-26, Tarek Habib  ,SPT-003,water bottle,Fitness,$109.00,1,,cancelled,
ORD-100412,30/11/2024,Mahmoud Saleh,BTY-003,facial  cleanser,beauty,129,4,516.00,DELIVERED,
ORD-100595,"Jan 31, 2024",Mona Saleh,BTY-003,Facial Cleanser,beauty,129.00,1,,complete,
ord-100203,2025-07-10,Ahmed Saleh,SPT-004,Resistance Bands,Sports & Fitness,EGP 139.00,3,417.00,Completed,
ORD-100690,,TAREK NASSER,HOM-003,  Electric Kettle ,HOME&KITCHEN,$249.00,5,,DELIVERED,
ORD-100477,24/01/2024,ahmed mansour,BOK-003,The  Focus Method,Book,129,3,,Completed,
ORD-100614,"Aug 23, 2024",Karim Ibrahim,FSH-004,Leather Wallet,Fashion,229.00 EGP,5,1145.00,delivered,
ORD-100296,"Mar 23, 2024",karim habib,HOM-002,Stainless Steel Pan,home & kitchen,389.00,5,1945.00,returned,Late delivery
ORD-100210,12/05/2024,Nour Zaki,FSH-004,  leather wallet ,Fashion,229.00,4,,CANCEL,
ORD-100057,24/02/2024, hassan farouk  ,TOY-002,Plush Teddy Bear,toys,,0,,RET,Late delivery
ORD-100720,2025-03-15,Hassan Zaki,TOY-001,Building Blocks Set,Toys & Games,"219,00",-1,,Delivered,
ORD-100212,"Dec 25, 2024",Yara Farouk,,Echoes  of Tomorrow,books,107,2,238.00,Delivered,
ORD-100692,,omar adel,ELC-007,  Power Bank 20000mAh ,Electronics & Gadgets,251,3,,returned,
ORD-100516,"Oct 07, 2025",Dina Farouk,GRO-003,Olive  Oil,grocery,EGP 170.10,2,378.00,DELIVERED,
ORD-100304,,Rana Ibrahim,TOY-003,  Remote Control Car ,Toy,349.00,3,1047.00,Cancelled,
ord-100066,01/06/2024,Youssef Hassan,HOM-003,Electric  Kettle,Home & Kitchen,249.00 EGP,5,1369.50,Canceled,
ORD-100102,20/06/2025,youssef saleh,GRO-002,green tea,Food,79.00,5,,complete,
ORD-100452,2024-03-06, Hassan Sabry  ,SPT-001,  Yoga Mat ,sports,169,,,Returned,Not as described
ORD-100454,2024-08-15,Sami Mostafa,,  Building Blocks Set ,Toys,219.00 EGP,4,876.00,DELIVERED,
ORD-100145,2024/09/19,Khaled Hassan,TOY-001,Building Blocks Set,Toys & Games,219.00,1,219.00,RET,Wrong item
ORD-100284,2025-02-26,salma zaki,GRO-003,OLIVE OIL,Grocery,189.00,2,415.80,complete,Late delivery
ORD-100702,17/03/2025, KHALED SALEH  ,GRO-004,DARK CHOCOLATE,Groceries,69.00 EGP,4,,Delivered,
ord-100605,,yara farouk,HOM-006,glass  storage jars,Home & Kitchen,129.00,3,,complete,
ORD-100670,2025-01-15,Heba Farouk,ELC-002,Mechanical Keyboard,Electronic,549,4,2415.60,Completed,
ORD-100523,"Jan 14, 2025",heba mansour,ELC-003,Bluetooth Headphones,Electronic,719.10 EGP,0,,Canceled,
ORD-100222,"Oct 26, 2025",Tarek Habib,BTY-004,hair dryer,beauty,399,1,,cancelled,
ORD-100629,2024/11/23,Amir Sabry,,KNIFE  BLOCK SET,Kitchen,459.00,1,459.00,Returned,
ORD-100262,"Aug 04, 2024",Omar Mostafa,BOK-003,the  focus method,Book,129,,,Completed,
ORD-100683,, Sami Sabry  ,GRO-003,  Olive Oil ,grocery,170.10 EGP,2,,complete,
ORD-100176,"Oct 01, 2025", Karim Ibrahim  ,BOK-003,the focus method,Books,,-1,,Completed,
ORD-100606,"Oct 12, 2024", AHMED SALEH  ,GRO-004,Dark Chocolate,Grocery,69.00,1,69.00,returned,
ORD-100370,2025-06-15,AMIR NASSER,BOK-003,The Focus Method,Book,EGP 129.00,2,,Completed,
ORD-100733,"Dec 17, 2024",Youssef Hassan,TOY-001,building blocks set,Toys,219.00,1,,delivered,
ORD-100086,"Feb 25, 2025",HEBA HABIB,ELC-002,  mechanical keyboard ,Electronics & Gadgets,EGP 549.00,4,2196.00,delivered,
ORD-100354,"Jun 20, 2025",,FSH-001,cotton t shirt,Apparel,119.00,4,476.00,Delivered,
ORD-100534,"Jan 03, 2025", Youssef Zaki  ,BTY-001,Vitamin  C Serum,beauty,$189.00,3,,complete,Late delivery
ORD-100742,2024-03-19, Sami Nasser  ,,   ,,199.00,1,,complete,
ord-100743,2024/03/31,Mahmoud Mostafa,,,Fashion,699.00,3,,DELIVERED,
ORD-100482,30/11/2025,heba ibrahim,TOY-002,Plush Teddy Bear,Toys,"129,00",4,,Cancelled,
ORD-100704,30/07/2025,DINA NASSER,HOM-002,Stainless Steel Pan,Kitchen,389.00 EGP,2,778.00,Completed,
ORD-100532,06/03/2024,Heba Sabry,,Dark Chocolate,grocery,"62,10",3,207.00,cancelled,
ORD-100545,"Aug 27, 2025",Mahmoud Farouk,ELC-005,4k Monitor,ELEC,2249.10,2,,refunded,Not as described
ORD-100242,2025-10-09,Ahmed Hassan,HOM-005,Air Fryer,home & kitchen,"899,00",3,2697.00,cancelled,
ORD-100192,"Jan 02, 2024",,TOY-002,Plush Teddy Bear,Toy,129.00 EGP,4,,delivered,
ord-100674,2024-08-21,Ahmed Farouk,SPT-004,RESISTANCE BANDS,Sports & Fitness,139.00,2.0,278.00,Delivered,
ORD-100562,2024-06-02,YOUSSEF ALI,FSH-006,BASEBALL CAP,Apparel,,2,198.00,Returned,Wrong size
ord-100479,2025/12/14,nour ibrahim,ELC-002,  mechanical keyboard ,Electronic,"549,00",1,,Completed,
ORD-100532,2024-12-19,Lina Ibrahim,FSH-006,  Baseball  Cap ,Apparel,99,5,,DELIVERED,
ORD-100296,2025-04-06,youssef farouk,BOK-003,The Focus Method,books,129.00,4,567.60,delivered,
ORD-100126,, sara mostafa  ,SPT-003,  WATER BOTTLE ,Fitness,109.00,4,,Delivered,
ORD-100207,2024-05-15,salma farouk,HOM-003,ELECTRIC KETTLE,Home and Kitchen,249,3,747.00,delivered,
ORD-100502,2025-06-21, ahmed mansour  ,ELC-003,Bluetooth Headphones,Electronics & Gadgets,799.00,3,2397.00,Cancelled,Not as described
ord-100447,2024-03-26,Mona Adel,SPT-003,Water Bottle,Sports & Fitness,,2,218.00,DELIVERED,
ORD-100580,30/12/2024,HEBA NASSER,HOM-005,  Air Fryer ,Kitchen,899,2,1798.00,Completed,
ORD-100039,2025-07-13,KARIM NASSER,HOM-003,electric  kettle,Kitchen,249,4,996.00,delivered,
ORD-100164,2025-03-19,Salma Ibrahim,ELC-008,  Smart Watch ,ELEC,EGP 1199.00,3,,Refunded,
ord-100157,27/10/2024,Karim Saleh,FSH-006,  baseball cap ,fashion,99,3,297.00,Delivered,
ORD-100176,2024-09-23,Karim Habib,FSH-004,Leather Wallet,Apparel,229,2,,delivered,
ORD-100636,2024-10-27,Lina Mostafa,BOK-002,echoes of tomorrow,Book,"119,00",4,476.00,Refunded,Late delivery
ORD-100711,,Mahmoud Ibrahim,,electric kettle,HOME&KITCHEN,EGP 249.00,5,1245.00,DELIVERED,
ORD-100192,"Jan 02, 2024",,TOY-002,plush teddy bear,Toy,129.00 EGP,4,,delivered,
ORD-100172,2024-10-20,,ELC-008,SMART WATCH,electronics,1199.00,4,5275.60,Delivered,
ORD-100065,21/08/2024,youssef nasser,,STAINLESS STEEL PAN,Kitchen,"389,00",2,,Returned,Not as described
ord-100088,19/03/2025, mona nasser  ,BOK-001,The Everyday Cookbook,books,$134.10,5.0,,RET,Wrong item
ORD-100369,"Aug 13, 2025",Salma Mostafa,HOM-003,  Electric Kettle ,Home and Kitchen,249.00,1,249.00,Completed,
ORD-100477,24/01/2024,ahmed mansour,BOK-003,The  Focus Method,Book,129,3,,Completed,
ORD-100738,"Apr 16, 2025",layla mansour,,   ,HOME&KITCHEN,389.00,5,,DELIVERED,
ORD-100411,13/12/2025,Nour Mostafa,BOK-001,The Everyday Cookbook,Books,134,2,298.00,complete,
ORD-100051,2025-01-16,TAREK ADEL,ELC-008,Smart Watch,ELEC,"1199,00",1,1199.00,DELIVERED,
ord-100558,2024-11-22,Tarek Hassan,ELC-007,  Power Bank 20000mAh ,electronics,279.00 EGP,4,,Completed,
ORD-100588,2024-03-26,,ELC-004,usbc charger,Electronics,"149,00",5,,Completed,
ORD-100114,2025/08/21,Youssef Zaki,HOM-004,Knife Block Set,Home and Kitchen,459.00,1,,delivered,
ORD-100710,2025-09-01,Dina Ali,HOM-002,Stainless Steel Pan,home & kitchen,389.00,2,,Delivered,
ORD-100531,2025/03/08,sami ibrahim,HOM-006,Glass Storage Jars,HOME&KITCHEN,129.00,3.0,387.00,Completed,
ORD-100498,"Sep 14, 2024",sami habib,HOM-006,Glass Storage Jars,home & kitchen,129.00,4,516.00,DELIVERED,
ORD-100455,2024/12/20,Dina Habib,ELC-003,Bluetooth Headphones,Electronic,$799.00,1,799.00,Cancelled,
ORD-100426,"Jul 06, 2025", Lina Habib  ,SPT-002,Dumbbell Set,Fitness,$599.00,1,599.00,DELIVERED,
ord-100433,2025-04-03,Dina Farouk,HOM-004,knife block set,Home & Kitchen,459.00 EGP,1,459.00,DELIVERED,
ORD-100213,2025-06-21,Hassan Ali,BOK-001,THE EVERYDAY COOKBOOK,Books,149.00,5,,Returned,Defective
ORD-100101,09/04/2025,Sara Habib,ELC-006,hd  webcam,electronics,329.00,,,Delivered,
ORD-100519,20/09/2025,amir hassan,ELC-001,Wireless  Mouse,electronics,199.00,4,796.00,Delivered,
ORD-100191,2024-04-13,Mahmoud Farouk,BOK-002,Echoes of Tomorrow,Books,119,1,,RET,Wrong size
ORD-100274,27/04/2025, Yara Habib  ,BTY-003,FACIAL CLEANSER,Beauty,EGP 129.00,3,,Returned,Late delivery
ord-100624,"Apr 29, 2024",yara nasser,BOK-001,THE EVERYDAY COOKBOOK,books,149.00,5,745.00,DELIVERED,
ORD-100183,"May 29, 2024",Salma Ibrahim,BTY-001,Vitamin  C Serum,Beauty,189,2,378.00,complete,
ORD-100291,2025-12-20,Rana Hassan,ELC-003,Bluetooth Headphones,Electronics & Gadgets,"799,00",4,,delivered,
ORD-100292,"May 18, 2025",Sami Ibrahim,FSH-006,baseball cap,Apparel,99.00,5.0,,Delivered,
ord-100125,2025-02-12,Karim Mostafa,GRO-001,Organic Honey,Grocery,"99,00",1.0,,returned,Defective
ord-100549,"Apr 20, 2024",Rana Saleh,TOY-001,BUILDING BLOCKS SET,Toy,197.10,1,,RET,Defective
ORD-100197,,Mona Adel,TOY-001,building  blocks set,Toys,197.10,3,,Returned,Defective
ORD-100257,2025-12-25,karim nasser,GRO-001,Organic Honey,Grocery,99.00 EGP,2,,Delivered,
ORD-100631,26/08/2024,mahmoud mostafa,BTY-001,VITAMIN C SERUM,Beauty & Personal Care,189.00 EGP,4,756.00,complete,
ORD-100287,2025/11/19,Omar Mostafa,,Bluetooth Headphones,ELEC,799,2,,Completed,
ord-100042,2024/11/15,HASSAN SABRY,GRO-004,Dark Chocolate,Groceries,,3,,complete,
ORD-100713,"Sep 26, 2025",Karim Zaki,,HD Webcam,Electronics & Gadgets,329.00 EGP,3,,DELIVERED,
ORD-100378,2025/10/10,Nour Hassan,,Baseball Cap,Clothing,99.00,1,,Delivered,
ORD-100292,14/06/2025,Layla Sabry,HOM-005,air fryer,Home & Kitchen,"899,00",4,,Returned,Damaged
ORD-100265,14/03/2024,Yara Habib,HOM-006,Glass Storage Jars,Kitchen,-50,1,,delivered,
ord-100513,2025-07-30,Mahmoud Habib,BTY-001,Vitamin C Serum,Beauty,189,1,189.00,returned,Wrong size
ORD-100026,2024-11-08,Sami Habib,BTY-002,Matte  Lipstick,Beauty & Personal Care,$80.10,,,RET,Changed mind
ord-100624,03/09/2025,,,dumbbell set,Sports & Fitness,EGP 599.00,3,1797.00,Delivered,
ord-100231,2024-01-11,Youssef Ali,ELC-008,SMART  WATCH,Electronics,"1199,00",2,,Returned,Late delivery
ord-100671,"Dec 02, 2024",Nour Zaki,BTY-002,Matte Lipstick,Cosmetics,89.00,1,89.00,Canceled,
ORD-100569,2025-06-13,mona nasser,ELC-003,Bluetooth Headphones,Electronics,799.00 EGP,1,,delivered,
ord-100282,2024/06/13, Youssef Mostafa  ,BOK-003,the focus method,Books,116,5,,delivered,
ord-100059,2024-10-24, Tarek Adel  ,BOK-001,The Everyday Cookbook,books,134,5,745.00,Delivered,
ord-100485,04/02/2025,Heba Nasser,HOM-002,stainless steel pan,Home and Kitchen,389.00,2,778.00,Delivered,
ORD-100705,14/07/2025,Hassan Mostafa,ELC-003,Bluetooth Headphones,Electronics,799.00,1,799.00,cancelled,
ORD-100366,22/03/2024,Sara Zaki,GRO-001,Organic Honey,Groceries,99.00,4,396.00,DELIVERED,
ORD-100141,14/04/2024, Khaled Habib  ,TOY-001,  Building Blocks Set ,Toys,219.00,,,Completed,
ORD-100552,2024-08-29,Sara Mostafa,,HD WEBCAM,Electronics & Gadgets,329.00 EGP,1,,complete,
ORD-100511,"Apr 16, 2024",sami saleh,HOM-001,ceramic mug set,Kitchen,$159.00,4,636.00,Delivered,
ORD-100468,,Sami Mostafa,GRO-004,  dark chocolate ,grocery,62,3,,RET,Not as described
ORD-100168,2025/09/28,Khaled Saleh,SPT-001,YOGA MAT,Fitness,169,2,,complete,
ORD-100698,12/09/2024,sara mansour,FSH-004,Leather  Wallet,Apparel,$229.00,5,1145.00,Returned,Late delivery
ORD-100384,2025-12-16,mahmoud sabry,BTY-002,matte lipstick,Beauty,80.10,2,178.00,complete,
ORD-100365,2024/12/06, Ahmed Mansour  ,ELC-005,4K Monitor,Electronics & Gadgets,2499,5,,Canceled,
ord-100012,2024-04-30,Amir Ali,FSH-003,  Running Shoes ,fashion,,4,,DELIVERED,
ORD-100029,2024-12-03,khaled adel,ELC-005,4K Monitor,Electronic,EGP 2499.00,,,complete,
ord-100725,30/05/2024,Karim Nasser,HOM-001,Ceramic Mug Set,Home and Kitchen,"143,10",5,795.00,complete,
ORD-100622,,KHALED HASSAN,ELC-008,Smart Watch,Electronics & Gadgets,1199.00,3,3597.00,delivered,
ORD-100136,31/03/2025,Heba Sabry,ELC-001,  Wireless Mouse ,ELEC,179,4,796.00,Completed,Not as described
ORD-100566,2025/04/01,Tarek Ali,FSH-002,denim  jacket,Fashion,549,3,1647.00,Completed,
ORD-100121,"Oct 04, 2025",DINA SALEH,TOY-002,  Plush  Teddy Bear ,Toys & Games,EGP 129.00,5,,Delivered,
ORD-100104,2024-10-17,MONA MOSTAFA,HOM-002,  Stainless Steel Pan ,Home and Kitchen,350.10 EGP,3,,delivered,
ord-100571,2024-02-07,Salma Mansour,HOM-002,Stainless Steel Pan,Home & Kitchen,389.00,4,1556.00,Canceled,
ord-100744,2024/04/25,Heba Ali,,   ,,1199,3,,delivered,
ord-100660,2025-05-17,ahmed farouk,FSH-003,running shoes,fashion,699.00,1,,Completed,
ORD-100431,11/12/2025,Heba Hassan,GRO-003,Olive Oil,grocery,189.00,3,,DELIVERED,Wrong item
ORD-100458,29/01/2024,Heba Ali,ELC-005,4k monitor,ELEC,EGP 2249.10,2,4998.00,Delivered,
ORD-100395,2024-02-02,,ELC-002,Mechanical Keyboard,electronics,99999,4,,Completed,
ORD-100583,"May 12, 2024",AHMED MOSTAFA,HOM-001,CERAMIC MUG SET,Home & Kitchen,159.00,5,795.00,delivered,
ORD-100557,2025/05/06,Amir Ibrahim,,  The  Everyday Cookbook ,Book,149.00,3,447.00,Completed,
ORD-100368,2025-06-20,NOUR ALI,FSH-006,Baseball Cap,fashion,,5,,Refunded,Late delivery
ORD-100085,2025/06/20,Salma Ibrahim,HOM-004,Knife Block Set,HOME&KITCHEN,$459.00,4,1836.00,Completed,
ORD-100035,"Nov 25, 2025",mona zaki,HOM-003,electric kettle,Home and Kitchen,,3,,refunded,Not as described
ORD-100445,2025-08-06,Sami Nasser,TOY-001,building blocks set,Toys,"197,10",4,,refunded,Not as described
ORD-100371,2024-03-11,Rana Hassan,GRO-004,  Dark Chocolate ,grocery,69.00 EGP,3,,Delivered,
,29/04/2024,Nour Sabry,,   ,Cosmetics,189,3,,delivered,
ORD-100068,2025-01-28,Lina Mansour,TOY-003,REMOTE CONTROL CAR,Toy,314,3,,Completed,
ORD-100530,23/04/2025,sara habib,BOK-001,The  Everyday Cookbook,Books,"149,00",4,596.00,RET,Not as described
ORD-100224,"Jun 22, 2025",Dina Ibrahim,GRO-002,Green Tea,Groceries,79,,,Delivered,
ORD-100670,2024-05-31,Amir Mansour,HOM-004,  Knife Block Set ,home & kitchen,459,3,,delivered,
ORD-100367,"Feb 19, 2024", Layla Zaki  ,TOY-002,Plush Teddy Bear,Toys & Games,129.00,4,516.00,Completed,
ORD-100217,2025-02-27,Yara Adel,TOY-003,Remote Control Car,Toy,349,1,349.00,complete,
ORD-100681,"Jul 10, 2024",Hassan Zaki,BOK-003,The Focus Method,Book,129,4,567.60,RET,Damaged
ORD-100339,,Ahmed Habib,BOK-003,The Focus Method,Books,129,5,645.00,returned,Late delivery
ORD-100234,2025-03-13,Layla Zaki,FSH-004,leather wallet,Clothing,229,4,916.00,Completed,
ORD-100330,20/07/2025,lina farouk,ELC-002,Mechanical Keyboard,Electronic,494.10,2,1098.00,RET,Wrong size
ORD-100196,"Dec 05, 2024",yara mostafa,FSH-004,Leather  Wallet,Clothing,229.00,4,,complete,
ORD-100148,2025-12-25,Mona Hassan,BOK-003,  THE FOCUS METHOD ,Books,129,2,,DELIVERED,
ORD-100407,2025/07/24, sami mostafa  ,FSH-005,Wool Scarf,fashion,161.10,3,,Delivered,
ORD-100625,"Jul 27, 2024",Tarek Farouk,FSH-001,cotton t-shirt,Fashion,119,2,261.80,delivered,
ORD-100591,20/06/2025,Nour Habib,ELC-007,  Power Bank 20000mAh ,ELEC,279.00,1,279.00,DELIVERED,
ORD-100559,2024-09-07,Layla Sabry,SPT-003,Water Bottle,sports,109.00,4,,DELIVERED,
ORD-100656,"Oct 24, 2025", Mahmoud Mansour  ,HOM-005,Air Fryer,Home & Kitchen,809.10,5,,refunded,Not as described
ORD-100294,2025/01/27,Omar Ali,ELC-004,  USB-C Charger ,ELEC,149,2,,DELIVERED,
ord-100150,2024-02-28,Karim Zaki,,Wool Scarf,fashion,179.00,4,716.00,Refunded,Wrong size
ORD-100064,2024-07-07,salma zaki,SPT-001,YOGA  MAT,Sports,169,0,,Canceled,
ORD-100188,2025-12-18,Lina Ibrahim,ELC-008,Smart Watch,Electronic,1199,4,,returned,Damaged
ORD-100653,2025-06-23,Nour Mostafa,ELC-008,Smart Watch,Electronic,1079.10 EGP,4,5275.60,complete,
ord-100011,,Layla Mansour,ELC-002,Mechanical Keyboard,Electronics & Gadgets,549.00 EGP,3,,Delivered,
ORD-100422,,nour sabry,ELC-001,Wireless Mouse,ELEC,199.00,5,995.00,delivered,
ORD-100533,2024/06/24,Sara Ibrahim,HOM-005,air fryer,Kitchen,899,3,,Delivered,
ORD-100153,, Tarek Ali  ,GRO-002,GREEN TEA,Food,"79,00",3,,complete,Wrong item
ORD-100598,2024/12/17,Mona Hassan,SPT-002,Dumbbell Set,sports,599.00,1,599.00,delivered,
ORD-100160,,Dina Mostafa,ELC-006,HD Webcam,ELEC,329.00,5,,complete,
ord-100325,2024-08-14, Hassan Farouk  ,GRO-002,Green  Tea,grocery,79.00,1,86.90,Cancelled,
ord-100635,11/10/2025,khaled adel,TOY-003,Remote Control Car,toys,314.10,1,349.00,cancelled,
ORD-100127,"Jul 25, 2024",Amir Saleh,HOM-003,ELECTRIC  KETTLE,home & kitchen,249.00 EGP,4,,DELIVERED,
ord-100092,2025-07-26,Sara Mostafa,TOY-002,PLUSH TEDDY BEAR,Toys,,4,516.00,Refunded,Wrong item
ORD-100514,15/07/2024,Layla Sabry,BTY-001,Vitamin C Serum,Cosmetics,189,4,756.00,DELIVERED,
ORD-100215,2024-02-05,Hassan Farouk,,Green Tea,Groceries,79.00 EGP,1,79.00,Returned,Late delivery
ORD-100357,17/08/2025,Amir Zaki,TOY-002,PLUSH TEDDY BEAR,toys,EGP 129.00,1,,Completed,
ORD-100004,2024-08-06,sami zaki,HOM-003,  ELECTRIC KETTLE ,HOME&KITCHEN,$249.00,2,,complete,
ORD-100275,2025-07-29,tarek farouk,BOK-001,the everyday cookbook,books,149.00,1,149.00,Delivered,
ORD-100454,2024-08-10,sara farouk,,BLUETOOTH HEAD PHONES,Electronics,"799,00",3,,complete,
ORD-100740,20/07/2024,TAREK SALEH,,,Beauty & Personal Care,399,1,,Completed,
ORD-100357,2024-11-19,mahmoud zaki,HOM-001,Ceramic Mug Set,home & kitchen,,4,636.00,delivered,
ORD-100663,"Jan 16, 2024",YOUSSEF MOSTAFA,BOK-002,  Echoes of Tomorrow ,Book,EGP 119.00,0,,DELIVERED,Changed mind
ORD-100022,"Mar 19, 2024",heba farouk,HOM-003,electric  kettle,home & kitchen,249.00,5,,Cancelled,
ORD-100118,2024/04/05,amir nasser,SPT-002,Dumbbell Set,Fitness,599.00,4,2396.00,Delivered,
ORD-100362,2024-04-01,hassan hassan,HOM-005,air fryer,Home and Kitchen,"899,00",5,,refunded,Changed mind
ORD-100720,2024-05-01,Dina Ali,HOM-006,Glass  Storage Jars,Kitchen,129,4,,Delivered,
ORD-100199,2024-06-27,Khaled Sabry,HOM-005,AIR FRYER,Home & Kitchen,"899,00",4,,complete,
ORD-100408,"Aug 28, 2024",,ELC-001,Wireless Mouse,electronics,199.00 EGP,2.0,,delivered,
ORD-100620,21/09/2025,Nour Farouk,HOM-001,Ceramic Mug Set,Kitchen,159,4,,delivered,
ORD-100390,2025-04-01, Amir Mostafa  ,BOK-002,Echoes of Tomorrow,books,,4,,Refunded,Late delivery
ORD-100512,04/05/2024, MAHMOUD NASSER  ,BTY-003,Facial Cleanser,Beauty,EGP 129.00,1,,returned,Late delivery
ORD-100421,2024-08-05,Amir Ali,TOY-003,Remote Control Car,Toys & Games,349.00 EGP,4,1396.00,Delivered,
ORD-100139,2025/05/31,MONA HABIB,GRO-002,green tea,Groceries,79.00 EGP,2,158.00,delivered,
ord-100340,2024/07/25,Dina Nasser,TOY-003,Remote Control Car,toys,,1,349.00,delivered,
ORD-100525,2025-07-04,tarek ali,FSH-003,running shoes,Apparel,699.00,2,1398.00,complete,
ORD-100647,2025-10-26,Mona Farouk,FSH-002,  DENIM JACKET ,Apparel,,4,2196.00,Refunded,Not as described
ORD-100711,,Mahmoud Ibrahim,,electric kettle,HOME&KITCHEN,EGP 249.00,5,1245.00,DELIVERED,
ORD-100229,2025-12-03,Dina Farouk,ELC-003,Bluetooth Head Phones,Electronic,"799,00",1,799.00,Delivered,
ORD-100703,2024/05/06,Youssef Nasser,FSH-005,Wool  Scarf,Apparel,179.00 EGP,2,358.00,DELIVERED,
ORD-100276,2024/11/14,HASSAN ADEL,HOM-005,Air Fryer,Kitchen,"899,00",4,3596.00,delivered,
ORD-100722,24/02/2025,amir farouk,SPT-001,YOGA MAT,sports,-50,4,,Completed,
ORD-100646,2024/05/14,Mahmoud Habib,ELC-001,Wireless Mouse,electronics,199.00,5.0,,DELIVERED,
,,Sara Adel,,,,224.10 EGP,2,,Completed,
ORD-100164,2025-03-19,Salma Ibrahim,ELC-008,SMART  WATCH,ELEC,EGP 1199.00,3,,Refunded,
ord-100241,22/09/2025,SARA ALI,GRO-003,olive oil,Grocery,189.00,2.0,,Delivered,
ORD-100620,2024-10-14, omar habib  ,BTY-003,  FACIAL CLEANSER ,Beauty & Personal Care,,-1,,refunded,Wrong item
ORD-100004,2024-11-30,Rana Ali,ELC-006,hd webcam,Electronic,,3,,delivered,
ORD-100126,"Jun 23, 2025",Hassan Ibrahim,ELC-005,4K Monitor,Electronics & Gadgets,2499,2,,Completed,
ORD-100313,"Oct 15, 2024",Layla Mansour,FSH-005,wool  scarf,Clothing,179.00,5,895.00,RET,Changed mind
ORD-100457,,Ahmed Sabry,ELC-008,Smart Watch,Electronics & Gadgets,1079,4,4796.00,Refunded,Not as described
ORD-100045,2024-11-28,Sara Habib,TOY-002,Plush Teddy Bear,Toys & Games,129,,,delivered,
ORD-100408,"Aug 28, 2024",,ELC-001,Wireless Mouse,electronics,199.00 EGP,2.0,,delivered,
ORD-100655,20/10/2025, Youssef Nasser  ,BTY-002,Matte Lipstick,beauty,89,3,267.00,returned,Not as described
ORD-100327,10/12/2024,RANA ADEL,ELC-004,usb-c  charger,Electronics,EGP 149.00,2,298.00,Delivered,
ORD-100075,2025-09-30,Sara Adel,GRO-004,DARK  CHOCOLATE,grocery,69.00 EGP,5,345.00,DELIVERED,
ORD-100230,"Jul 30, 2024",Mahmoud Farouk,HOM-003,Electric  Kettle,Home & Kitchen,EGP 249.00,3,747.00,complete,
ORD-100259,"Aug 26, 2024",Heba Saleh,HOM-001,  Ceramic Mug Set ,Home & Kitchen,159,-1,,cancelled,
ord-100573,, Sara Farouk  ,GRO-003,olive oil,Grocery,$170.10,2,378.00,DELIVERED,
ord-100347,"Apr 04, 2024",Khaled Hassan,ELC-005,4K MONITOR,Electronics,2499,2,,DELIVERED,
ORD-100279,"Nov 12, 2024",Rana Habib,SPT-002,Dumbbell  Set,Sports & Fitness,599.00,1,,delivered,
ORD-100701,,Heba Farouk,GRO-002,Green Tea,Groceries,,3,237.00,complete,
ORD-100184,2024-05-09,,,WOOL SCARF,Apparel,179,2,,delivered,
ord-100661,2025-04-06,nour ibrahim,BTY-002,Matte Lipstick,beauty,EGP 80.10,1,,delivered,
ORD-100658,"Jun 27, 2025",khaled farouk,SPT-002,Dumbbell Set,Sports,"599,00",1,,complete,
ORD-100668,2025/03/22,Yara Adel,HOM-004,knife block set,home & kitchen,EGP 459.00,5,2295.00,DELIVERED,
ORD-100249,2025-06-04,,TOY-002,  plush teddy bear ,Toy,EGP 116.10,1,129.00,delivered,Wrong item
ORD-100733,2024/11/08,nour mostafa,GRO-004,Dark Chocolate,Groceries,"69,00",5,345.00,Completed,
ORD-100202,2025-11-13, Sara Sabry  ,BOK-001,The Everyday Cookbook,books,149.00,-1,,delivered,
ORD-100353,"May 22, 2024", Lina Adel  ,SPT-001,YOGA MAT,Sports & Fitness,$169.00,1,,DELIVERED,
ORD-100729,27/03/2025,Layla Mansour,HOM-004,Knife  Block Set,Home and Kitchen,,,,DELIVERED,
ORD-100137,"May 21, 2025", Omar Mostafa  ,GRO-004,dark  chocolate,Groceries,62.10,4,,delivered,
ord-100691,2024-02-12,,SPT-004,Resistance Bands,Sports,139.00,1,,DELIVERED,Wrong item
ord-100470,2025-02-17,Youssef Adel,HOM-002,  Stainless Steel Pan ,HOME&KITCHEN,389,3,1167.00,Completed,
ORD-100665,"Jul 31, 2024",rana ali,FSH-004,leather wallet,Clothing,"229,00",4,,Completed,
ORD-100152,2024/05/27,sami habib,TOY-001,  Building Blocks Set ,Toys & Games,219.00,4,876.00,DELIVERED,
ord-100267,2025-11-19,Mona Adel,SPT-001,Yoga Mat,Sports,169.00,1,169.00,DELIVERED,
ORD-100584,2025-12-24,HEBA ALI,FSH-006,baseball cap,fashion,99.00,1,,returned,Late delivery
ORD-100521,2024-10-03,Salma Mostafa,GRO-003,Olive Oil,Grocery,189.00,4,756.00,delivered,
ORD-100548,16/07/2024,,GRO-004,Dark Chocolate,Groceries,69.00,2,138.00,Completed,
ORD-100164,2025-03-19,Salma Ibrahim,ELC-008,Smart Watch,ELEC,EGP 1199.00,3,,Refunded,
ORD-100175,2024-03-13,Tarek Ibrahim,BOK-003,  The Focus Method ,Books,EGP 116.10,4,,Completed,
ORD-100220,2025-05-31,Salma Mostafa,ELC-004,USB-C  Charger,ELEC,149,5,,cancelled,
ORD-100296,"Dec 05, 2024",Youssef Hassan,ELC-008,Smart Watch,Electronics,1199.00,,,Completed,
ORD-100297,2025/01/02,Mahmoud Ibrahim,BTY-001,vitamin c serum,Cosmetics,EGP 189.00,3,567.00,returned,
ORD-100044,2025-02-08,Rana Farouk,TOY-001,Building Blocks Set,Toys & Games,219,,,delivered,
ORD-100688,2025-09-25,HASSAN FAROUK,FSH-002,Denim Jacket,Clothing,EGP 549.00,1,549.00,delivered,
ORD-100581,2024-10-08,yara ibrahim,GRO-001,Organic Honey,grocery,99.00 EGP,1,,complete,
ORD-100072,2025-10-02,TAREK MANSOUR,GRO-004,  DARK CHOCOLATE ,Groceries,,4.0,276.00,Cancelled,
ORD-100507,2025-02-11, mona mansour  ,,  Bluetooth  Head Phones ,Electronics,EGP 799.00,4,3196.00,Delivered,
ORD-100594,02/10/2024,Youssef Saleh,,running shoes,Fashion,EGP 629.10,1,,Completed,
ord-100140,2025-01-15,Lina Ibrahim,ELC-006,  HD  Webcam ,electronics,329.00,5,1645.00,RET,Wrong size
ORD-100377,2024-04-27,Khaled Habib,ELC-003,bluetooth headphones,electronics,799,3,,Completed,Changed mind
ORD-100483,14/03/2025,omar adel,GRO-002,Green Tea,Groceries,,1,79.00,Delivered,
ORD-100639,2025-09-10,ahmed nasser,BTY-003,  Facial Cleanser ,Cosmetics,129,4,516.00,Returned,Wrong item
ord-100487,2025-04-30,Ahmed Nasser,,baseball  cap,Fashion,99.00,2,,cancelled,
ORD-100223,2025-05-29,rana farouk,ELC-006,hd  webcam,ELEC,EGP 329.00,3,,refunded,Wrong size
ord-100599,2024-09-17,Omar Nasser,FSH-005,  Wool Scarf ,fashion,179,5,,Completed,
ORD-100505,2024/02/10,omar habib,ELC-002,Mechanical  Keyboard,ELEC,549.00,1,,complete,
ORD-100130,01/12/2025,Nour Farouk,,Water Bottle,Fitness,109,3,,DELIVERED,
ord-100067,2025-04-02, Mona Habib  ,BTY-003,FACIAL CLEANSER,beauty,$129.00,3,,complete,
ORD-100430,2025-10-03,Nour Hassan,BTY-003,Facial  Cleanser,beauty,,4,516.00,Completed,
